name,date,time,D,E,F,G,H
PE 10850,2018/10/31,09:43,655.5,655.5,655.5,655.5,75
PE 10850,2018/10/31,09:54,711.45,711.45,711.45,711.45,75
PE 10850,2018/10/31,11:20,648.05,648.05,648.05,648.05,75
PE 10850,2018/11/02,09:27,368,368,368,368,75
PE 10850,2018/11/02,09:36,370.3,370.3,360.95,370.3,750
PE 10850,2018/11/02,09:44,365,365,365,365,150
PE 10850,2018/11/02,09:59,346.2,346.2,346.2,346.2,750
PE 10850,2018/11/02,10:25,313.45,313.45,313.45,313.45,75
PE 10850,2018/11/02,10:41,327.05,327.05,327.05,327.05,75
PE 10850,2018/11/02,10:46,320.3,320.3,320.3,320.3,75
PE 10850,2018/11/02,11:14,325,325,325,325,600
PE 10850,2018/11/02,12:34,338.05,338.05,338.05,338.05,75
PE 10850,2018/11/02,13:55,312,312,312,312,300
PE 10850,2018/11/02,14:01,306.85,306.85,306.8,306.85,150
PE 10850,2018/11/02,14:21,328,328,328,328,75
PE 10850,2018/11/05,09:15,377.5,392,377.5,392,675
PE 10850,2018/11/05,09:21,322.6,322.6,322.6,322.6,675
PE 10850,2018/11/05,09:58,350,350,350,350,600
PE 10850,2018/11/05,12:14,362.6,362.6,362.6,362.6,75
PE 10850,2018/11/05,12:44,355,355,355,355,75
PE 10850,2018/11/05,14:24,361.75,361.75,361.75,361.75,300
PE 10850,2018/11/05,14:25,360,360,360,360,1575
PE 10850,2018/11/06,09:21,309.75,309.75,309.7,309.7,150
PE 10850,2018/11/06,09:22,312.2,312.25,312.2,312.2,150
PE 10850,2018/11/06,09:35,303.95,303.95,303.95,303.95,75
PE 10850,2018/11/06,09:50,310.35,321.65,310.35,321.65,150
PE 10850,2018/11/06,09:56,306.5,306.5,306.5,306.5,75
PE 10850,2018/11/06,11:03,332.85,332.85,332.85,332.85,900
PE 10850,2018/11/06,11:05,327.25,327.25,327.25,327.25,750
PE 10850,2018/11/06,12:50,296.95,296.95,296.95,296.95,150
PE 10850,2018/11/06,13:12,301.65,301.65,301.65,301.65,150
PE 10850,2018/11/06,13:45,317.3,317.3,317.3,317.3,75
PE 10850,2018/11/06,13:47,322,322,322,322,75
PE 10850,2018/11/06,13:48,325,325,325,325,450
PE 10850,2018/11/06,14:06,336.6,336.6,336.6,336.6,150
PE 10850,2018/11/06,14:07,339.8,339.8,339.8,339.8,150
PE 10850,2018/11/06,14:33,334.25,334.25,334.25,334.25,450
PE 10850,2018/11/06,15:09,334.35,334.35,334.35,334.35,150
PE 10850,2018/11/07,17:37,291.75,291.75,291.75,291.75,75
PE 10850,2018/11/07,17:48,291,291,291,291,75
PE 10850,2018/11/07,18:28,284.25,284.25,284.25,284.25,150
PE 10850,2018/11/09,09:15,314.2,314.25,314.2,314.25,150
PE 10850,2018/11/09,11:47,265.65,265.65,265.65,265.65,75
PE 10850,2018/11/09,12:49,282.15,282.15,282.15,282.15,75
PE 10850,2018/11/09,13:18,300,300,300,300,450
PE 10850,2018/11/09,15:12,266,266,266,266,75
PE 10850,2018/11/09,15:13,263.8,263.8,263.8,263.8,225
PE 10850,2018/11/09,15:30,263.8,264.35,263.8,264.35,0
PE 10850,2018/11/12,09:31,255.1,260.95,255.1,260.95,900
PE 10850,2018/11/12,09:44,247.95,247.95,247.95,247.95,150
PE 10850,2018/11/12,09:51,255.4,255.4,255.4,255.4,600
PE 10850,2018/11/12,10:11,278.95,278.95,278.95,278.95,75
PE 10850,2018/11/12,10:15,290,290,290,290,75
PE 10850,2018/11/12,11:16,278.55,278.55,278.55,278.55,225
PE 10850,2018/11/12,11:41,275.65,275.65,275.65,275.65,75
PE 10850,2018/11/12,11:45,282.6,282.6,282.6,282.6,75
PE 10850,2018/11/12,12:43,286.35,286.35,286.35,286.35,75
PE 10850,2018/11/12,13:09,309.15,309.15,309.15,309.15,1575
PE 10850,2018/11/12,13:16,323.1,323.1,323.1,323.1,900
PE 10850,2018/11/12,14:12,344.95,344.95,344.95,344.95,150
PE 10850,2018/11/12,15:21,380.2,380.2,380.2,380.2,75
PE 10850,2018/11/13,09:19,386.75,386.75,386.75,386.75,75
PE 10850,2018/11/13,09:39,362.75,362.75,362.75,362.75,225
PE 10850,2018/11/13,09:45,351.8,351.8,351.8,351.8,75
PE 10850,2018/11/13,12:00,362.85,362.85,362.85,362.85,225
PE 10850,2018/11/13,12:55,348.6,348.6,348.6,348.6,75
PE 10850,2018/11/13,12:56,347.25,347.25,347.25,347.25,75
PE 10850,2018/11/13,13:08,336.15,336.15,336.15,336.15,75
PE 10850,2018/11/13,13:09,330.95,330.95,330.95,330.95,75
PE 10850,2018/11/13,13:20,324.85,324.85,324.85,324.85,75
PE 10850,2018/11/13,13:34,320.55,320.55,320.55,320.55,375
PE 10850,2018/11/13,13:42,301.2,301.2,301.2,301.2,375
PE 10850,2018/11/13,14:01,281,281,281,281,375
PE 10850,2018/11/13,14:34,278.9,278.9,278.9,278.9,75
PE 10850,2018/11/13,14:35,277.15,279.55,276.5,279.55,225
PE 10850,2018/11/13,15:10,267,267,267,267,75
PE 10850,2018/11/13,15:25,272.15,272.55,272.15,272.55,150
PE 10850,2018/11/13,15:30,272.15,272.55,270.6,270.6,0
PE 10850,2018/11/14,09:17,236.25,236.25,236.25,236.25,75
PE 10850,2018/11/14,09:23,220.6,220.6,220.6,220.6,75
PE 10850,2018/11/14,09:32,240,240,240,240,75
PE 10850,2018/11/14,09:38,249.95,250,249.95,250,225
PE 10850,2018/11/14,09:59,279.45,279.45,279.45,279.45,75
PE 10850,2018/11/14,10:23,299,299,299,299,525
PE 10850,2018/11/14,10:39,286,286,286,286,75
PE 10850,2018/11/14,11:00,250,250,250,250,4500
PE 10850,2018/11/14,11:14,266.5,266.5,266.5,266.5,75
PE 10850,2018/11/14,12:19,250.15,250.15,250.15,250.15,450
PE 10850,2018/11/14,13:46,280.65,280.65,280.65,280.65,525
PE 10850,2018/11/14,14:16,300,300,300,300,75
PE 10850,2018/11/14,14:42,291,291,291,291,150
PE 10850,2018/11/14,14:59,272.8,272.8,268,268,300
PE 10850,2018/11/14,15:12,270.15,270.15,270.15,270.15,150
PE 10850,2018/11/14,15:18,286.75,286.75,286.75,286.75,150
PE 10850,2018/11/14,15:30,286.75,286.75,278.45,278.45,0
PE 10850,2018/11/15,09:26,260,260,260,260,75
PE 10850,2018/11/15,09:37,283.4,283.4,283.4,283.4,150
PE 10850,2018/11/15,11:04,264,264,264,264,75
PE 10850,2018/11/15,11:06,260,260,260,260,3300
PE 10850,2018/11/15,11:07,260,260,260,260,150
PE 10850,2018/11/15,11:10,260,260,260,260,1125
PE 10850,2018/11/15,11:55,245,245,245,245,75
PE 10850,2018/11/15,12:48,249.95,249.95,249.95,249.95,75
PE 10850,2018/11/15,13:02,226.15,226.15,226.15,226.15,75
PE 10850,2018/11/15,15:02,235.95,235.95,235.95,235.95,75
PE 10850,2018/11/15,15:26,259.65,259.65,259.65,259.65,75
PE 10850,2018/11/15,15:30,259.65,259.65,247.8,247.8,0
PE 10850,2018/11/16,09:19,226.7,226.7,226.65,226.65,150
PE 10850,2018/11/16,09:24,221,221,221,221,75
PE 10850,2018/11/16,09:37,208.05,208.05,208.05,208.05,75
PE 10850,2018/11/16,09:38,208,208,208,208,75
PE 10850,2018/11/16,09:41,216.85,216.85,216.85,216.85,75
PE 10850,2018/11/16,10:26,197.05,197.05,197,197,150
PE 10850,2018/11/16,12:33,218.45,218.45,218.45,218.45,75
PE 10850,2018/11/16,13:37,214.5,214.5,214.5,214.5,75
PE 10850,2018/11/16,13:43,217.6,217.6,217.6,217.6,75
PE 10850,2018/11/16,14:45,235,235,235,235,300
PE 10850,2018/11/16,14:46,236.6,236.6,236.6,236.6,75
PE 10850,2018/11/16,15:04,215,215,215,215,300
PE 10850,2018/11/16,15:17,201.1,201.1,201.1,201.1,150
PE 10850,2018/11/16,15:25,192.75,192.75,192.75,192.75,75
PE 10850,2018/11/16,15:30,192.75,207.85,192.75,207.85,0
PE 10850,2018/11/19,09:17,174.45,174.45,173.95,173.95,225
PE 10850,2018/11/19,09:20,167.95,167.95,167.95,167.95,375
PE 10850,2018/11/19,09:21,165,173.1,164.35,173.1,750
PE 10850,2018/11/19,09:24,168.65,168.65,167,167,525
PE 10850,2018/11/19,09:25,168.45,168.5,168.45,168.5,225
PE 10850,2018/11/19,09:26,167.6,167.6,165,165,225
PE 10850,2018/11/19,09:27,163.75,164.8,163.75,164.6,300
PE 10850,2018/11/19,09:43,185.95,185.95,185.95,185.95,75
PE 10850,2018/11/19,09:48,186,186,186,186,75
PE 10850,2018/11/19,09:49,186,186,186,186,75
PE 10850,2018/11/19,09:54,183.15,183.15,182,182,150
PE 10850,2018/11/19,09:55,183.2,183.2,183.2,183.2,150
PE 10850,2018/11/19,09:58,180.05,180.05,180,180,525
PE 10850,2018/11/19,10:07,181,181,181,181,750
PE 10850,2018/11/19,10:08,182,183.45,182,183.45,1050
PE 10850,2018/11/19,10:10,184.85,184.85,184.85,184.85,75
PE 10850,2018/11/19,10:11,183,183,183,183,525
PE 10850,2018/11/19,10:13,180,180,179.8,179.8,300
PE 10850,2018/11/19,10:15,180.8,180.8,180.8,180.8,75
PE 10850,2018/11/19,10:17,182.4,182.4,182.4,182.4,75
PE 10850,2018/11/19,10:19,178.5,178.5,178.5,178.5,75
PE 10850,2018/11/19,10:20,181.15,181.15,180.7,180.7,375
PE 10850,2018/11/19,10:21,181.75,183.1,181.75,183.1,600
PE 10850,2018/11/19,10:25,184.35,184.35,184.35,184.35,150
PE 10850,2018/11/19,10:26,182.75,182.75,182.75,182.75,75
PE 10850,2018/11/19,10:27,181.6,181.6,181.6,181.6,225
PE 10850,2018/11/19,10:31,183.45,183.45,183.45,183.45,75
PE 10850,2018/11/19,10:32,185.15,185.15,185.15,185.15,75
PE 10850,2018/11/19,10:33,188.85,188.85,188,188,225
PE 10850,2018/11/19,10:39,187.95,187.95,187.95,187.95,75
PE 10850,2018/11/19,10:44,193,193,193,193,525
PE 10850,2018/11/19,10:47,186.35,186.35,186.35,186.35,150
PE 10850,2018/11/19,10:51,187.75,187.75,187.75,187.75,150
PE 10850,2018/11/19,10:52,185.2,189.1,185.2,189.1,225
PE 10850,2018/11/19,10:54,185.65,185.65,185.65,185.65,75
PE 10850,2018/11/19,11:00,180.85,186.4,180.6,180.6,450
PE 10850,2018/11/19,11:01,187.2,187.2,187.2,187.2,150
PE 10850,2018/11/19,11:07,184.55,184.55,184.55,184.55,150
PE 10850,2018/11/19,11:34,181.95,181.95,181.95,181.95,75
PE 10850,2018/11/19,11:56,180.15,180.15,180.15,180.15,150
PE 10850,2018/11/19,11:57,180.1,180.1,180.1,180.1,75
PE 10850,2018/11/19,11:58,175,175,175,175,75
PE 10850,2018/11/19,12:08,175,175,175,175,75
PE 10850,2018/11/19,12:23,174.85,174.85,174.85,174.85,75
PE 10850,2018/11/19,12:31,173.6,173.65,173.6,173.65,450
PE 10850,2018/11/19,12:32,173.5,175,173.5,175,225
PE 10850,2018/11/19,12:34,173.55,173.55,173.55,173.55,75
PE 10850,2018/11/19,12:43,176.35,176.35,175.7,175.7,225
PE 10850,2018/11/19,12:50,176.7,176.7,176.7,176.7,75
PE 10850,2018/11/19,13:04,173.3,173.3,173.3,173.3,225
PE 10850,2018/11/19,13:28,173.05,173.05,173.05,173.05,225
PE 10850,2018/11/19,13:42,169.5,169.5,169.5,169.5,75
PE 10850,2018/11/19,13:55,165.3,165.3,165.3,165.3,150
PE 10850,2018/11/19,14:06,157,157,154.7,155.3,2925
PE 10850,2018/11/19,14:07,155.3,156.7,155.3,156.7,525
PE 10850,2018/11/19,14:08,157.25,157.25,157.25,157.25,150
PE 10850,2018/11/19,14:18,155.1,155.1,155.1,155.1,150
PE 10850,2018/11/19,14:19,154.7,154.7,154.7,154.7,225
PE 10850,2018/11/19,14:20,153.5,153.5,152.7,152.7,1500
PE 10850,2018/11/19,14:21,154,154.9,153.7,154.9,900
PE 10850,2018/11/19,14:22,155.25,157.75,155.1,156.55,1950
PE 10850,2018/11/19,14:24,153.1,153.2,152.75,153.2,1350
PE 10850,2018/11/19,14:26,152.8,154.7,152.8,154.6,450
PE 10850,2018/11/19,14:34,163.4,167.9,163.4,167.9,225
PE 10850,2018/11/19,14:36,163.25,163.25,162.3,162.3,1950
PE 10850,2018/11/19,14:38,150,151.95,150,151.1,1200
PE 10850,2018/11/19,14:39,149.85,150.9,149.8,150.9,225
PE 10850,2018/11/19,14:40,153.35,153.35,153.35,153.35,150
PE 10850,2018/11/19,14:41,152,152,152,152,1125
PE 10850,2018/11/19,14:42,152.05,152.05,150.7,150.7,450
PE 10850,2018/11/19,14:43,151,151.25,151,151.25,600
PE 10850,2018/11/19,14:44,150.05,152.85,150.05,151.15,3000
PE 10850,2018/11/19,14:45,150.9,150.9,150.9,150.9,225
PE 10850,2018/11/19,14:46,150.95,150.95,150.95,150.95,75
PE 10850,2018/11/19,14:48,151.6,151.6,151.6,151.6,75
PE 10850,2018/11/19,14:50,153,153,153,153,75
PE 10850,2018/11/19,14:51,152.85,152.85,152.85,152.85,900
PE 10850,2018/11/19,14:53,155.75,157.75,153.25,157.75,2700
PE 10850,2018/11/19,14:55,152.05,153.05,152.05,153.05,900
PE 10850,2018/11/19,14:56,155,155,155,155,75
PE 10850,2018/11/19,14:57,155,155,152.85,154.75,1575
PE 10850,2018/11/19,14:58,155.1,155.3,154.9,154.9,1350
PE 10850,2018/11/19,14:59,149.4,149.4,148.6,149.15,300
PE 10850,2018/11/19,15:00,151.55,151.55,151.55,151.55,150
PE 10850,2018/11/19,15:01,149.15,149.15,148.2,148.25,1350
PE 10850,2018/11/19,15:02,147.7,147.7,146.9,147,450
PE 10850,2018/11/19,15:03,146.55,146.95,145.05,146.95,450
PE 10850,2018/11/19,15:04,146.45,147.65,144.05,147.65,3300
PE 10850,2018/11/19,15:05,146.75,146.75,145.85,145.85,675
PE 10850,2018/11/19,15:06,145,145.5,145,145.5,150
PE 10850,2018/11/19,15:07,146,147.65,146,147.65,675
PE 10850,2018/11/19,15:08,148.05,148.05,147,147,225
PE 10850,2018/11/19,15:09,147,148.4,147,148.4,150
PE 10850,2018/11/19,15:10,147.6,148.35,147,148.35,2100
PE 10850,2018/11/19,15:11,145.95,146.7,145.3,145.65,2775
PE 10850,2018/11/19,15:12,146.45,147,145.15,147,2025
PE 10850,2018/11/19,15:13,145.95,147.85,145.95,146.4,600
PE 10850,2018/11/19,15:14,146.4,146.6,145,145,1200
PE 10850,2018/11/19,15:15,144.15,144.7,142.2,142.7,3900
PE 10850,2018/11/19,15:16,142.85,144.3,142.2,144.3,1425
PE 10850,2018/11/19,15:17,143.6,143.6,142.8,143.15,525
PE 10850,2018/11/19,15:18,144.6,145.65,144.25,144.25,2775
PE 10850,2018/11/19,15:19,144.6,145.05,144.6,145,525
PE 10850,2018/11/19,15:20,144.65,144.65,143,143,900
PE 10850,2018/11/19,15:21,143.05,143.05,141.4,141.4,1575
PE 10850,2018/11/19,15:22,140.3,140.3,138.3,139.8,825
PE 10850,2018/11/19,15:23,138,138,137.25,137.9,750
PE 10850,2018/11/19,15:24,136.5,136.95,136.4,136.4,525
PE 10850,2018/11/19,15:25,135.75,136.85,135.75,136.55,525
PE 10850,2018/11/19,15:26,137.45,137.5,137.45,137.5,150
PE 10850,2018/11/19,15:27,137.4,137.4,137.4,137.4,225
PE 10850,2018/11/19,15:28,137.65,139.4,136.25,136.45,675
PE 10850,2018/11/19,15:29,136.35,139.25,136.35,139.25,975
PE 10850,2018/11/19,15:30,136.35,144.3,136.35,144.3,0
PE 10850,2018/11/20,09:15,159.05,173,158.1,158.85,2700
PE 10850,2018/11/20,09:16,158.35,158.9,157.6,158.9,1350
PE 10850,2018/11/20,09:17,161.7,165.55,161.7,165.55,1500
PE 10850,2018/11/20,09:18,165.55,168.9,165.25,165.25,450
PE 10850,2018/11/20,09:19,161,161,161,161,75
PE 10850,2018/11/20,09:20,161,161,161,161,150
PE 10850,2018/11/20,09:21,167.55,167.55,163.9,163.9,375
PE 10850,2018/11/20,09:23,160.6,160.6,159.15,159.15,375
PE 10850,2018/11/20,09:24,161.3,162.3,161.3,162.3,225
PE 10850,2018/11/20,09:25,161.6,161.6,161.6,161.6,75
PE 10850,2018/11/20,09:26,165.85,165.85,163.85,163.85,300
PE 10850,2018/11/20,09:27,165,166.2,165,165.25,975
PE 10850,2018/11/20,09:29,169,169.35,169,169.35,300
PE 10850,2018/11/20,09:30,170.05,172,170.05,170.35,825
PE 10850,2018/11/20,09:31,170.6,170.6,170.6,170.6,75
PE 10850,2018/11/20,09:33,168.6,168.6,168.6,168.6,75
PE 10850,2018/11/20,09:34,170,170.15,170,170.15,150
PE 10850,2018/11/20,09:35,168.1,168.1,168.1,168.1,150
PE 10850,2018/11/20,09:36,171.1,171.1,171.1,171.1,150
PE 10850,2018/11/20,09:37,171.5,171.5,171.5,171.5,75
PE 10850,2018/11/20,09:38,171.1,171.1,171.1,171.1,75
PE 10850,2018/11/20,09:39,169.8,169.8,169.8,169.8,150
PE 10850,2018/11/20,09:42,162.85,162.9,162.85,162.9,300
PE 10850,2018/11/20,09:43,163.05,163.05,162,162,225
PE 10850,2018/11/20,09:44,164.2,164.2,163.5,163.5,450
PE 10850,2018/11/20,09:45,164.15,164.15,164.15,164.15,75
PE 10850,2018/11/20,09:46,164.95,164.95,164.95,164.95,150
PE 10850,2018/11/20,09:47,166.9,166.9,165.05,165.05,150
PE 10850,2018/11/20,09:50,159,159,159,159,300
PE 10850,2018/11/20,09:51,160.85,160.85,160.85,160.85,75
PE 10850,2018/11/20,09:57,158.85,158.85,158.55,158.8,300
PE 10850,2018/11/20,09:58,156.15,157.3,156.15,157.3,900
PE 10850,2018/11/20,09:59,160.9,160.9,160.9,160.9,150
PE 10850,2018/11/20,10:01,161.35,161.35,161.35,161.35,150
PE 10850,2018/11/20,10:04,161.05,161.05,161.05,161.05,300
PE 10850,2018/11/20,10:06,161.85,165.3,161.85,164.2,1575
PE 10850,2018/11/20,10:07,164.1,164.1,164.1,164.1,75
PE 10850,2018/11/20,10:11,164.25,164.25,164.25,164.25,75
PE 10850,2018/11/20,10:12,163.65,163.65,163.65,163.65,75
PE 10850,2018/11/20,10:15,162.4,162.4,162.4,162.4,75
PE 10850,2018/11/20,10:22,163.55,163.55,163.55,163.55,150
PE 10850,2018/11/20,10:23,166.65,166.65,166.65,166.65,75
PE 10850,2018/11/20,10:26,165.25,168.6,165.25,168.6,150
PE 10850,2018/11/20,10:27,168.85,172.3,168.85,171.65,375
PE 10850,2018/11/20,10:28,169.7,169.7,169.7,169.7,75
PE 10850,2018/11/20,10:29,167.7,167.7,167.7,167.7,75
PE 10850,2018/11/20,10:30,169.8,169.8,169,169,150
PE 10850,2018/11/20,10:32,168.55,168.55,168.55,168.55,525
PE 10850,2018/11/20,10:33,169.85,172.05,169.85,172.05,225
PE 10850,2018/11/20,10:34,173.75,173.75,173.2,173.2,600
PE 10850,2018/11/20,10:35,172.8,172.8,172.8,172.8,75
PE 10850,2018/11/20,10:42,170.95,170.95,170.95,170.95,75
PE 10850,2018/11/20,10:54,170.8,170.8,170.8,170.8,150
PE 10850,2018/11/20,11:03,170.8,170.8,170.8,170.8,75
PE 10850,2018/11/20,11:09,175,175,175,175,75
PE 10850,2018/11/20,11:10,177,177,176.75,177,525
PE 10850,2018/11/20,11:11,176.65,176.65,176.65,176.65,75
PE 10850,2018/11/20,11:12,173.35,173.35,173.35,173.35,225
PE 10850,2018/11/20,11:14,172.95,172.95,172.95,172.95,75
PE 10850,2018/11/20,11:17,174.85,174.85,174.85,174.85,75
PE 10850,2018/11/20,11:22,173,173,173,173,300
PE 10850,2018/11/20,11:23,171.2,171.2,171.2,171.2,150
PE 10850,2018/11/20,11:24,171.55,171.55,171.55,171.55,75
PE 10850,2018/11/20,11:27,169.4,170.2,169.4,170.2,300
PE 10850,2018/11/20,11:28,169.8,171.15,169.8,171.15,675
PE 10850,2018/11/20,11:30,171.25,171.25,171.25,171.25,150
PE 10850,2018/11/20,11:35,174.2,174.2,173.05,173.05,600
PE 10850,2018/11/20,11:36,173.5,173.5,173.5,173.5,75
PE 10850,2018/11/20,12:02,167.2,167.2,167.2,167.2,150
PE 10850,2018/11/20,12:31,165.4,165.4,165.4,165.4,150
PE 10850,2018/11/20,12:32,166.75,166.75,166.75,166.75,75
PE 10850,2018/11/20,12:33,163.3,163.3,163.3,163.3,300
PE 10850,2018/11/20,12:46,176,176,176,176,75
PE 10850,2018/11/20,12:47,176,176,176,176,75
PE 10850,2018/11/20,12:48,176.15,176.15,175.75,175.75,225
PE 10850,2018/11/20,12:51,179.95,180,179.95,180,225
PE 10850,2018/11/20,12:52,182.7,182.75,182.7,182.75,150
PE 10850,2018/11/20,13:00,177.55,177.55,177.55,177.55,150
PE 10850,2018/11/20,13:01,172.55,172.55,172.55,172.55,225
PE 10850,2018/11/20,13:05,178.95,178.95,178.95,178.95,75
PE 10850,2018/11/20,13:06,179.6,179.6,179.6,179.6,150
PE 10850,2018/11/20,13:09,176.5,176.5,176.5,176.5,75
PE 10850,2018/11/20,13:10,182.8,182.8,182.8,182.8,75
PE 10850,2018/11/20,13:11,185.75,185.75,185,185.65,300
PE 10850,2018/11/20,13:12,185,185,185,185,75
PE 10850,2018/11/20,13:15,179.9,179.9,179.9,179.9,150
PE 10850,2018/11/20,13:27,180,180,180,180,75
PE 10850,2018/11/20,13:31,182.4,182.4,182.4,182.4,75
PE 10850,2018/11/20,13:35,189.4,189.4,186.45,186.45,675
PE 10850,2018/11/20,13:36,190.8,190.8,190.45,190.45,150
PE 10850,2018/11/20,13:39,190.75,190.75,190.75,190.75,75
PE 10850,2018/11/20,13:42,190,190,190,190,75
PE 10850,2018/11/20,13:45,188.8,188.8,188.8,188.8,75
PE 10850,2018/11/20,14:04,195,195,195,195,75
PE 10850,2018/11/20,14:05,196,196,196,196,75
PE 10850,2018/11/20,14:06,195.05,195.05,194.6,194.6,225
PE 10850,2018/11/20,14:08,194.85,194.85,194.85,194.85,150
PE 10850,2018/11/20,14:09,195.3,195.3,195.3,195.3,150
PE 10850,2018/11/20,14:10,196.5,196.5,196.5,196.5,75
PE 10850,2018/11/20,14:11,193.2,193.2,193.2,193.2,75
PE 10850,2018/11/20,14:20,196,204.95,196,204.95,375
PE 10850,2018/11/20,14:21,202.5,202.5,202.5,202.5,75
PE 10850,2018/11/20,14:22,202.5,204.25,202.5,204.25,150
PE 10850,2018/11/20,14:25,200,200,200,200,225
PE 10850,2018/11/20,14:27,204.9,204.9,204.9,204.9,75
PE 10850,2018/11/20,14:28,204,204,204,204,150
PE 10850,2018/11/20,14:42,215,215,215,215,75
PE 10850,2018/11/20,14:44,212.85,214,212.85,214,675
PE 10850,2018/11/20,14:47,208.1,208.1,208.1,208.1,150
PE 10850,2018/11/20,14:49,203.85,203.9,203.85,203.9,150
PE 10850,2018/11/20,14:51,195.15,201.7,195.15,201.7,450
PE 10850,2018/11/20,14:52,198,198,198,198,75
PE 10850,2018/11/20,14:53,205.8,205.8,205.8,205.8,75
PE 10850,2018/11/20,15:00,211.35,211.35,211.35,211.35,150
PE 10850,2018/11/20,15:01,202,202,202,202,75
PE 10850,2018/11/20,15:02,199.95,199.95,199.95,199.95,75
PE 10850,2018/11/20,15:03,196.5,196.5,196.5,196.5,75
PE 10850,2018/11/20,15:06,189.75,189.75,189.75,189.75,75
PE 10850,2018/11/20,15:15,199.35,199.35,199.35,199.35,75
PE 10850,2018/11/20,15:18,203.6,203.6,203.6,203.6,75
PE 10850,2018/11/20,15:20,205.6,205.75,203.25,203.25,975
PE 10850,2018/11/20,15:21,206.5,206.5,206.5,206.5,75
PE 10850,2018/11/20,15:22,204.15,204.3,202.45,202.45,300
PE 10850,2018/11/20,15:23,205.4,205.4,205.4,205.4,150
PE 10850,2018/11/20,15:25,201.1,201.15,201.1,201.15,150
PE 10850,2018/11/20,15:26,199.95,199.95,199.95,199.95,300
PE 10850,2018/11/20,15:27,206.2,206.2,206.2,206.2,75
PE 10850,2018/11/20,15:28,207.65,207.65,207.65,207.65,75
PE 10850,2018/11/20,15:29,208.2,208.2,207.85,207.85,225
PE 10850,2018/11/20,15:30,208.2,208.2,204.05,204.05,0
PE 10850,2018/11/21,09:15,200.05,200.05,200,200,225
PE 10850,2018/11/21,09:16,212.4,212.4,212.4,212.4,75
PE 10850,2018/11/21,09:21,177.2,177.2,177.2,177.2,900
PE 10850,2018/11/21,09:24,194.4,194.4,194.4,194.4,150
PE 10850,2018/11/21,09:25,192.1,192.1,188.95,188.95,225
PE 10850,2018/11/21,09:26,188.9,188.9,188.9,188.9,75
PE 10850,2018/11/21,09:27,193.95,193.95,193.95,193.95,75
PE 10850,2018/11/21,09:40,226.05,226.05,226.05,226.05,75
PE 10850,2018/11/21,09:42,226,226,226,226,75
PE 10850,2018/11/21,09:43,226,226,226,226,75
PE 10850,2018/11/21,09:45,226,226,226,226,225
PE 10850,2018/11/21,09:46,227.95,229.2,227.95,229.2,150
PE 10850,2018/11/21,09:48,226,226,226,226,75
PE 10850,2018/11/21,09:49,226,226,226,226,75
PE 10850,2018/11/21,09:50,226,226,226,226,75
PE 10850,2018/11/21,09:53,225,225,225,225,75
PE 10850,2018/11/21,09:54,227.95,227.95,227.95,227.95,150
PE 10850,2018/11/21,10:06,235,235,235,235,75
PE 10850,2018/11/21,10:13,246,246,246,246,75
PE 10850,2018/11/21,10:24,267.8,267.8,267.8,267.8,300
PE 10850,2018/11/21,10:25,263.85,265.3,263.85,265.3,225
PE 10850,2018/11/21,10:36,263,263,262.7,262.75,1575
PE 10850,2018/11/21,10:37,262,262,262,262,1050
PE 10850,2018/11/21,10:38,263,263,263,263,75
PE 10850,2018/11/21,10:58,267.3,267.3,267.3,267.3,75
PE 10850,2018/11/21,11:01,264,264,264,264,75
PE 10850,2018/11/21,11:08,266.45,266.45,266.45,266.45,75
PE 10850,2018/11/21,11:11,266.6,266.6,266.6,266.6,75
PE 10850,2018/11/21,11:55,250.65,250.65,250.65,250.65,75
PE 10850,2018/11/21,12:25,245,245,245,245,75
PE 10850,2018/11/21,12:31,233.5,233.5,233.5,233.5,150
PE 10850,2018/11/21,12:42,244.7,244.7,244.7,244.7,75
PE 10850,2018/11/21,12:48,257.75,257.75,257.75,257.75,75
PE 10850,2018/11/21,13:34,253,253,253,253,75
PE 10850,2018/11/21,13:47,238.85,238.85,238.85,238.85,150
PE 10850,2018/11/21,13:52,235,235,235,235,75
PE 10850,2018/11/21,13:59,233.35,233.35,233.35,233.35,75
PE 10850,2018/11/21,14:01,235,235,235,235,75
PE 10850,2018/11/21,14:10,219,219,219,219,75
PE 10850,2018/11/21,14:19,217,217,217,217,75
PE 10850,2018/11/21,15:00,227.15,227.15,227.15,227.15,150
PE 10850,2018/11/21,15:04,236.6,236.6,236.6,236.6,300
PE 10850,2018/11/21,15:06,239.5,239.5,239.5,239.5,75
PE 10850,2018/11/21,15:07,244.1,244.1,244.1,244.1,75
PE 10850,2018/11/21,15:17,248,248,248,248,150
PE 10850,2018/11/21,15:27,230,230,230,230,75
PE 10850,2018/11/21,15:30,230,237.3,230,237.3,0
PE 10850,2018/11/22,09:26,236,236,234.75,234.75,225
PE 10850,2018/11/22,09:27,231,231,230,230,150
PE 10850,2018/11/22,09:30,225.75,225.75,225,225,300
PE 10850,2018/11/22,09:31,222,222.7,222,222.7,150
PE 10850,2018/11/22,09:34,220,220,220,220,150
PE 10850,2018/11/22,09:43,224.95,224.95,224.95,224.95,75
PE 10850,2018/11/22,09:47,208.4,208.4,208.4,208.4,75
PE 10850,2018/11/22,09:49,219,219,219,219,300
PE 10850,2018/11/22,09:50,222.45,222.45,222.45,222.45,75
PE 10850,2018/11/22,10:06,228,228,228,228,75
PE 10850,2018/11/22,10:07,224,224,224,224,75
PE 10850,2018/11/22,10:13,226.75,226.75,226.75,226.75,150
PE 10850,2018/11/22,10:14,226.65,226.65,226.65,226.65,300
PE 10850,2018/11/22,10:36,222.15,222.15,222.15,222.15,150
PE 10850,2018/11/22,10:42,232,232,232,232,75
PE 10850,2018/11/22,11:08,239,239,239,239,150
PE 10850,2018/11/22,11:15,233,233,233,233,150
PE 10850,2018/11/22,11:22,235,235,235,235,75
PE 10850,2018/11/22,11:32,235.2,235.2,235.2,235.2,1500
PE 10850,2018/11/22,11:44,232.65,233.6,232.65,233.6,300
PE 10850,2018/11/22,11:45,235.5,235.5,235.5,235.5,150
PE 10850,2018/11/22,11:46,237,237,237,237,150
PE 10850,2018/11/22,12:02,240,240,240,240,75
PE 10850,2018/11/22,12:35,214.85,215.9,214.85,215.9,225
PE 10850,2018/11/22,12:37,220.3,220.3,220.3,220.3,150
PE 10850,2018/11/22,12:44,228.35,231.9,228.35,231.9,150
PE 10850,2018/11/22,13:00,250.9,250.9,250.9,250.9,75
PE 10850,2018/11/22,13:06,277.65,277.65,277.65,277.65,150
PE 10850,2018/11/22,13:07,258.2,258.2,258.2,258.2,300
PE 10850,2018/11/22,13:18,274.5,274.5,274.5,274.5,225
PE 10850,2018/11/22,13:30,287,287,287,287,150
PE 10850,2018/11/22,14:00,288.7,291.85,288.7,291.85,150
PE 10850,2018/11/22,14:04,280.9,280.9,280.9,280.9,150
PE 10850,2018/11/22,14:36,298.5,299.25,295.45,296.8,750
PE 10850,2018/11/22,14:37,298.3,298.3,298.3,298.3,300
PE 10850,2018/11/22,14:40,303,303,303,303,75
PE 10850,2018/11/22,14:46,289.95,291.1,289.95,291.1,450
PE 10850,2018/11/22,14:47,294.75,296.05,294.75,296.05,300
PE 10850,2018/11/22,14:48,295.15,297.85,295.15,297.85,150
PE 10850,2018/11/22,14:49,296.65,296.65,296.65,296.65,300
PE 10850,2018/11/22,14:50,308.65,308.65,308.65,308.65,75
PE 10850,2018/11/22,15:09,330.5,330.5,330.5,330.5,75
PE 10850,2018/11/22,15:12,328,328,328,328,150
PE 10850,2018/11/22,15:17,329.55,329.55,329.55,329.55,75
PE 10850,2018/11/22,15:24,321.45,321.45,321.45,321.45,150
PE 10850,2018/11/22,15:30,321.45,326.6,321.45,326.6,0
PE 10850,2018/11/26,10:03,298,298,298,298,75
PE 10850,2018/11/26,10:08,298,298,298,298,75
PE 10850,2018/11/26,10:13,293,293,292.75,292.75,150
PE 10850,2018/11/26,10:25,312.8,312.8,312.8,312.8,75
PE 10850,2018/11/26,10:33,326.4,326.4,324.05,324.05,150
PE 10850,2018/11/26,10:36,318.65,318.65,318.65,318.65,75
PE 10850,2018/11/26,10:58,324.05,324.05,324.05,324.05,150
PE 10850,2018/11/26,11:27,335,335,335,335,150
PE 10850,2018/11/26,11:45,347.95,347.95,347.95,347.95,75
PE 10850,2018/11/26,11:51,346.05,346.05,346.05,346.05,75
PE 10850,2018/11/26,12:08,326.4,326.4,323.55,323.55,150
PE 10850,2018/11/26,12:23,313.95,313.95,313.95,313.95,75
PE 10850,2018/11/26,12:38,305.75,305.75,305.75,305.75,75
PE 10850,2018/11/26,13:01,288.95,288.95,288.95,288.95,75
PE 10850,2018/11/26,13:21,282.5,282.5,282.5,282.5,75
PE 10850,2018/11/26,13:29,285,285,285,285,75
PE 10850,2018/11/26,13:37,261.25,261.25,261.25,261.25,75
PE 10850,2018/11/26,13:43,248.2,248.2,248.2,248.2,75
PE 10850,2018/11/26,14:09,245.85,245.85,245.85,245.85,75
PE 10850,2018/11/26,14:10,240,240,240,240,75
PE 10850,2018/11/26,15:16,204.45,204.45,204.45,204.45,75
PE 10850,2018/11/26,15:23,207.15,207.15,207.15,207.15,75
PE 10850,2018/11/26,15:30,207.15,207.15,205.8,205.8,0
PE 10850,2018/11/27,09:16,225.45,230,225.45,230,150
PE 10850,2018/11/27,09:30,245.55,245.55,245.55,245.55,75
PE 10850,2018/11/27,09:40,225,225,225,225,525
PE 10850,2018/11/27,10:14,227.75,227.75,227.75,227.75,150
PE 10850,2018/11/27,11:32,244.85,244.85,244.85,244.85,825
PE 10850,2018/11/27,11:34,244.85,244.85,244.85,244.85,75
PE 10850,2018/11/27,11:41,240.95,240.95,240.95,240.95,75
PE 10850,2018/11/27,11:59,242,242,242,242,75
PE 10850,2018/11/27,12:02,240.2,240.2,240.2,240.2,150
PE 10850,2018/11/27,12:06,236.25,236.25,236.25,236.25,150
PE 10850,2018/11/27,12:22,229.3,229.3,229.3,229.3,750
PE 10850,2018/11/27,12:26,232.05,232.05,232.05,232.05,150
PE 10850,2018/11/27,12:28,231,231,231,231,75
PE 10850,2018/11/27,12:39,239.8,239.8,239.8,239.8,75
PE 10850,2018/11/27,12:44,243.5,243.5,243.5,243.5,150
PE 10850,2018/11/27,12:46,240,240,240,240,75
PE 10850,2018/11/27,12:55,256.8,256.8,256.8,256.8,75
PE 10850,2018/11/27,13:11,195,195,195,195,600
PE 10850,2018/11/27,13:12,190.5,190.5,190.5,190.5,75
PE 10850,2018/11/27,13:13,205,205,205,205,75
PE 10850,2018/11/27,13:18,190.5,190.5,190.5,190.5,75
PE 10850,2018/11/27,13:20,183,183,183,183,75
PE 10850,2018/11/27,13:29,186.15,186.15,186.15,186.15,75
PE 10850,2018/11/27,13:31,184.5,184.5,184.5,184.5,75
PE 10850,2018/11/27,13:34,184.5,187,184.5,187,150
PE 10850,2018/11/27,13:45,183.5,183.5,176.5,176.5,225
PE 10850,2018/11/27,13:51,194,194,194,194,300
PE 10850,2018/11/27,13:54,194,194,194,194,75
PE 10850,2018/11/27,14:01,205,205,205,205,150
PE 10850,2018/11/27,14:06,219.5,229.55,219.5,221.7,825
PE 10850,2018/11/27,14:09,219,219,219,219,75
PE 10850,2018/11/27,14:13,198.3,198.3,198.3,198.3,525
PE 10850,2018/11/27,14:36,192.9,192.9,192.9,192.9,825
PE 10850,2018/11/27,14:37,188.5,189.75,188.5,189.75,900
PE 10850,2018/11/27,14:41,174,174,174,174,75
PE 10850,2018/11/27,14:45,174.1,174.1,174.1,174.1,75
PE 10850,2018/11/27,14:51,170,170,170,170,75
PE 10850,2018/11/27,14:52,168.5,168.5,168.5,168.5,75
PE 10850,2018/11/27,14:53,162,162,161.5,161.5,150
PE 10850,2018/11/27,14:58,162.3,162.65,160,160,600
PE 10850,2018/11/27,14:59,160,160,160,160,375
PE 10850,2018/11/27,15:05,169.2,170,169.2,170,300
PE 10850,2018/11/27,15:08,168.4,168.4,168.4,168.4,75
PE 10850,2018/11/27,15:09,167.1,167.1,167.1,167.1,75
PE 10850,2018/11/27,15:16,168.1,168.1,168.1,168.1,75
PE 10850,2018/11/27,15:17,171,171,171,171,600
PE 10850,2018/11/27,15:22,160,160,159.9,159.9,225
PE 10850,2018/11/27,15:27,160,163.15,160,163.15,225
PE 10850,2018/11/27,15:28,162,162,161.2,161.2,375
PE 10850,2018/11/27,15:29,160.85,160.85,160,160,600
PE 10850,2018/11/27,15:30,160.85,164.85,160,164.85,0
PE 10850,2018/11/28,09:15,134.95,139.45,134.95,139.45,975
PE 10850,2018/11/28,09:16,138.95,138.95,129.85,129.85,525
PE 10850,2018/11/28,09:17,126,128.4,123.55,128.4,450
PE 10850,2018/11/28,09:18,129,131.25,129,131.25,600
PE 10850,2018/11/28,09:19,131,131,125.65,127.95,975
PE 10850,2018/11/28,09:20,126.05,126.9,124.5,125.95,825
PE 10850,2018/11/28,09:21,128.05,128.05,126.3,127.1,225
PE 10850,2018/11/28,09:22,126.25,126.25,121.7,123.6,825
PE 10850,2018/11/28,09:23,125,125,124,124,450
PE 10850,2018/11/28,09:24,125,125,125,125,75
PE 10850,2018/11/28,09:25,129.5,130,129.5,130,150
PE 10850,2018/11/28,09:27,129.25,131.55,127,127,600
PE 10850,2018/11/28,09:30,133.05,133.05,133.05,133.05,75
PE 10850,2018/11/28,09:31,130.1,131.6,130.1,131.6,450
PE 10850,2018/11/28,09:35,133.1,133.1,132.4,132.4,150
PE 10850,2018/11/28,09:36,131.3,131.3,130.15,130.15,375
PE 10850,2018/11/28,09:37,129.7,133.8,129.7,133.8,300
PE 10850,2018/11/28,09:40,133.3,133.3,133.3,133.3,75
PE 10850,2018/11/28,09:41,135.85,135.85,135.85,135.85,600
PE 10850,2018/11/28,09:43,129.45,129.45,127.75,127.75,300
PE 10850,2018/11/28,09:44,127,127,127,127,75
PE 10850,2018/11/28,09:46,127.55,127.85,127.55,127.85,225
PE 10850,2018/11/28,09:47,123.1,123.1,123.1,123.1,225
PE 10850,2018/11/28,09:48,123.6,125,123.25,125,525
PE 10850,2018/11/28,09:49,124.45,124.45,120,121,525
PE 10850,2018/11/28,09:53,121.7,121.7,121.7,121.7,75
PE 10850,2018/11/28,09:54,124.55,124.55,123,123,300
PE 10850,2018/11/28,09:55,121.15,121.15,121.15,121.15,150
PE 10850,2018/11/28,09:56,120.25,120.25,120.25,120.25,150
PE 10850,2018/11/28,09:57,119.15,119.15,119.15,119.15,225
PE 10850,2018/11/28,09:58,121.7,121.7,121.7,121.7,150
PE 10850,2018/11/28,09:59,121.7,125,121.7,124.8,375
PE 10850,2018/11/28,10:01,126.15,126.15,126.15,126.15,150
PE 10850,2018/11/28,10:02,127.35,127.35,124.75,124.75,225
PE 10850,2018/11/28,10:03,123.9,123.9,123.9,123.9,150
PE 10850,2018/11/28,10:04,121.15,121.15,121.15,121.15,225
PE 10850,2018/11/28,10:11,126.5,126.5,126.5,126.5,225
PE 10850,2018/11/28,10:12,122.65,122.65,122.65,122.65,225
PE 10850,2018/11/28,10:13,121.7,121.7,121.4,121.4,300
PE 10850,2018/11/28,10:15,120.25,120.25,120.25,120.25,150
PE 10850,2018/11/28,10:16,120.25,127.6,120.25,125.2,450
PE 10850,2018/11/28,10:17,122,122,122,122,75
PE 10850,2018/11/28,10:20,124.15,124.15,124.15,124.15,75
PE 10850,2018/11/28,10:21,125.3,126.65,125.3,126.65,375
PE 10850,2018/11/28,10:24,128.95,130,128.55,130,300
PE 10850,2018/11/28,10:25,132.25,132.3,132.25,132.3,150
PE 10850,2018/11/28,10:26,131,131,131,131,75
PE 10850,2018/11/28,10:32,134.35,134.35,134.15,134.15,300
PE 10850,2018/11/28,10:33,136.95,136.95,136.95,136.95,150
PE 10850,2018/11/28,10:34,133.2,133.2,133.2,133.2,150
PE 10850,2018/11/28,10:35,138.8,138.8,133.6,133.6,675
PE 10850,2018/11/28,10:37,131.05,131.05,131,131,225
PE 10850,2018/11/28,10:38,131,131,131,131,75
PE 10850,2018/11/28,10:43,138.6,138.6,133.05,133.05,450
PE 10850,2018/11/28,10:44,136.2,136.25,136.2,136.25,225
PE 10850,2018/11/28,10:51,135.65,135.65,135.65,135.65,225
PE 10850,2018/11/28,10:55,134,134,134,134,75
PE 10850,2018/11/28,10:57,138.6,138.6,138.6,138.6,300
PE 10850,2018/11/28,11:03,129.65,129.65,127.75,127.75,300
PE 10850,2018/11/28,11:04,127.5,127.55,127.5,127.55,300
PE 10850,2018/11/28,11:05,126.9,127,126.9,126.9,525
PE 10850,2018/11/28,11:06,124.45,124.45,123.65,123.65,225
PE 10850,2018/11/28,11:07,127,127,127,127,150
PE 10850,2018/11/28,11:09,127,127,127,127,75
PE 10850,2018/11/28,11:11,129,129,129,129,375
PE 10850,2018/11/28,11:24,123,123,123,123,225
PE 10850,2018/11/28,11:27,121,121,121,121,825
PE 10850,2018/11/28,11:30,121,121,121,121,75
PE 10850,2018/11/28,11:33,126.3,126.3,123.85,123.85,150
PE 10850,2018/11/28,11:35,123,123,123,123,75
PE 10850,2018/11/28,11:37,123.95,124,123.95,124,300
PE 10850,2018/11/28,11:38,125.8,125.8,125.8,125.8,75
PE 10850,2018/11/28,11:42,123.75,123.75,121.05,121.05,150
PE 10850,2018/11/28,11:48,121.05,121.05,121.05,121.05,75
PE 10850,2018/11/28,11:49,119.1,119.1,119.1,119.1,75
PE 10850,2018/11/28,11:52,122.9,122.9,122.9,122.9,75
PE 10850,2018/11/28,11:54,117.75,117.8,117.75,117.8,225
PE 10850,2018/11/28,11:56,115,115,115,115,300
PE 10850,2018/11/28,11:59,115,115.25,114.75,114.95,1200
PE 10850,2018/11/28,12:05,115,115,115,115,75
PE 10850,2018/11/28,12:06,117.95,117.95,117.95,117.95,75
PE 10850,2018/11/28,12:07,112,112,111.35,111.35,450
PE 10850,2018/11/28,12:17,114,114,114,114,300
PE 10850,2018/11/28,12:20,112,112,110.2,110.2,600
PE 10850,2018/11/28,12:21,110,110,107.05,107.1,900
PE 10850,2018/11/28,12:22,109,109,109,109,225
PE 10850,2018/11/28,12:24,105.8,109.7,105.8,109.7,675
PE 10850,2018/11/28,12:25,109.75,109.75,108,108,150
PE 10850,2018/11/28,12:26,109.75,109.75,108.05,109,450
PE 10850,2018/11/28,12:29,106.65,106.65,106.65,106.65,225
PE 10850,2018/11/28,12:30,110.5,110.5,109.6,109.6,300
PE 10850,2018/11/28,12:31,111.2,111.2,111.2,111.2,75
PE 10850,2018/11/28,12:32,114.55,114.55,113.75,113.75,525
PE 10850,2018/11/28,12:33,113.95,117.7,113.95,116.65,675
PE 10850,2018/11/28,12:35,112,112,112,112,75
PE 10850,2018/11/28,12:36,115.45,115.45,112.45,112.45,450
PE 10850,2018/11/28,12:37,110.15,110.15,110.1,110.1,375
PE 10850,2018/11/28,12:39,108.35,108.35,108.35,108.35,75
PE 10850,2018/11/28,12:40,105.8,109.45,105.8,109.45,600
PE 10850,2018/11/28,12:42,109.85,110,108.25,109.85,450
PE 10850,2018/11/28,12:47,110.95,111,110.95,111,225
PE 10850,2018/11/28,12:48,111.25,111.25,111,111,150
PE 10850,2018/11/28,12:50,109.85,109.85,107.9,107.9,150
PE 10850,2018/11/28,12:52,114.4,114.4,114.4,114.4,75
PE 10850,2018/11/28,12:53,114.4,114.4,114.4,114.4,150
PE 10850,2018/11/28,12:56,119.3,120,119.3,120,150
PE 10850,2018/11/28,12:57,119.35,119.35,119.35,119.35,300
PE 10850,2018/11/28,12:58,116.9,123.8,116.9,123.8,675
PE 10850,2018/11/28,12:59,121.6,123.25,121.6,122,1725
PE 10850,2018/11/28,13:00,122.45,122.45,122.45,122.45,225
PE 10850,2018/11/28,13:01,116.05,119,116.05,118.3,600
PE 10850,2018/11/28,13:03,119.95,119.95,119.95,119.95,75
PE 10850,2018/11/28,13:04,122.35,122.35,122.35,122.35,75
PE 10850,2018/11/28,13:07,121.95,122,121.95,122,150
PE 10850,2018/11/28,13:08,121.3,121.3,121.3,121.3,75
PE 10850,2018/11/28,13:09,121.5,121.5,121.45,121.45,150
PE 10850,2018/11/28,13:12,116.7,116.7,116.7,116.7,150
PE 10850,2018/11/28,13:13,114.65,114.65,114.65,114.65,75
PE 10850,2018/11/28,13:14,114,114,114,114,150
PE 10850,2018/11/28,13:15,112.5,112.5,112.5,112.5,75
PE 10850,2018/11/28,13:16,114.5,114.5,114.5,114.5,150
PE 10850,2018/11/28,13:17,119.6,119.6,119.6,119.6,150
PE 10850,2018/11/28,13:19,122.35,125,122.35,125,375
PE 10850,2018/11/28,13:20,127,129.75,127,129.75,450
PE 10850,2018/11/28,13:21,127.8,131,127.8,131,300
PE 10850,2018/11/28,13:22,131.45,131.45,131.25,131.25,150
PE 10850,2018/11/28,13:23,127.6,127.6,124,124,225
PE 10850,2018/11/28,13:26,130.6,130.6,128.4,128.4,600
PE 10850,2018/11/28,13:27,131.85,131.85,131.85,131.85,75
PE 10850,2018/11/28,13:30,131,133.35,131,133.35,450
PE 10850,2018/11/28,13:35,125.2,125.2,125.2,125.2,75
PE 10850,2018/11/28,13:36,129.4,129.4,129.4,129.4,375
PE 10850,2018/11/28,13:38,126.75,126.75,126.75,126.75,75
PE 10850,2018/11/28,13:40,121.75,123.15,121.75,123.1,225
PE 10850,2018/11/28,13:43,123.5,124,123.45,124,525
PE 10850,2018/11/28,13:45,125,125,125,125,1050
PE 10850,2018/11/28,13:46,122.1,122.1,119.35,121.65,675
PE 10850,2018/11/28,13:47,118.3,118.3,118.3,118.3,300
PE 10850,2018/11/28,13:55,116.95,116.95,116.95,116.95,75
PE 10850,2018/11/28,13:56,118,118,118,118,300
PE 10850,2018/11/28,13:58,118,118,118,118,1050
PE 10850,2018/11/28,13:59,117,117,117,117,2700
PE 10850,2018/11/28,14:01,124,125.7,124,125.7,225
PE 10850,2018/11/28,14:02,125.7,132.35,125.7,129.85,1650
PE 10850,2018/11/28,14:03,128,129.85,125.5,125.5,1725
PE 10850,2018/11/28,14:04,125.5,125.5,123.95,124.85,600
PE 10850,2018/11/28,14:05,133,133,131,131,1650
PE 10850,2018/11/28,14:06,133.55,133.55,132,132.25,4275
PE 10850,2018/11/28,14:08,132,132,129.2,129.2,225
PE 10850,2018/11/28,14:15,135.35,141.8,135.35,137.3,900
PE 10850,2018/11/28,14:16,140.4,140.55,139.55,139.55,225
PE 10850,2018/11/28,14:17,139.55,139.55,133.45,133.45,225
PE 10850,2018/11/28,14:18,137,137,137,137,375
PE 10850,2018/11/28,14:19,133.45,133.45,132,132,300
PE 10850,2018/11/28,14:20,130.8,130.8,130,130,225
PE 10850,2018/11/28,14:23,127.25,127.25,123.9,123.9,525
PE 10850,2018/11/28,14:24,125.25,125.25,125.25,125.25,75
PE 10850,2018/11/28,14:29,125.65,125.65,125.65,125.65,375
PE 10850,2018/11/28,14:30,121.65,121.65,119,119,450
PE 10850,2018/11/28,14:31,117,117,117,117,225
PE 10850,2018/11/28,14:32,116,116,115,115,300
PE 10850,2018/11/28,14:33,119,119,119,119,75
PE 10850,2018/11/28,14:34,120.95,120.95,120.95,120.95,225
PE 10850,2018/11/28,14:35,120,120,120,120,1050
PE 10850,2018/11/28,14:36,120.25,120.25,120.25,120.25,375
PE 10850,2018/11/28,14:37,114,114,112.05,112.05,300
PE 10850,2018/11/28,14:38,110,110.55,110,110.55,300
PE 10850,2018/11/28,14:39,110.3,114.75,110.3,110.55,1650
PE 10850,2018/11/28,14:40,109,110.2,108.35,110.2,750
PE 10850,2018/11/28,14:41,108.1,111.2,108.1,108.4,1425
PE 10850,2018/11/28,14:42,108.4,110.1,108.4,110.1,825
PE 10850,2018/11/28,14:44,111.45,111.45,111.45,111.45,150
PE 10850,2018/11/28,14:45,115.75,115.75,115.75,115.75,75
PE 10850,2018/11/28,14:46,115.75,115.75,115.75,115.75,525
PE 10850,2018/11/28,14:47,117.5,117.5,117.5,117.5,75
PE 10850,2018/11/28,14:50,110.4,110.4,110.4,110.4,75
PE 10850,2018/11/28,14:51,111.4,111.4,111.4,111.4,450
PE 10850,2018/11/28,14:52,112,112,111.25,112,1725
PE 10850,2018/11/28,14:53,112,113.45,112,112.15,1650
PE 10850,2018/11/28,14:54,114,117.75,114,115.8,1125
PE 10850,2018/11/28,14:55,122.35,122.35,121.5,121.5,525
PE 10850,2018/11/28,14:56,120.35,122.75,120.35,122,375
PE 10850,2018/11/28,14:57,121.35,121.35,120.9,120.9,900
PE 10850,2018/11/28,14:58,120.9,120.9,120.9,120.9,75
PE 10850,2018/11/28,14:59,121.55,121.55,121.1,121.1,675
PE 10850,2018/11/28,15:01,123,124,123,124,525
PE 10850,2018/11/28,15:02,118.5,118.5,118.5,118.5,75
PE 10850,2018/11/28,15:03,114,114,114,114,300
PE 10850,2018/11/28,15:04,112.85,115.5,112.85,115.5,675
PE 10850,2018/11/28,15:06,116,116,116,116,600
PE 10850,2018/11/28,15:07,119,119,119,119,750
PE 10850,2018/11/28,15:08,125,126.4,125,126.4,150
PE 10850,2018/11/28,15:09,129,133.75,127.3,132,5400
PE 10850,2018/11/28,15:10,131,131,129.25,129.25,150
PE 10850,2018/11/28,15:11,129,130.1,128.7,129.45,525
PE 10850,2018/11/28,15:12,130.1,130.1,130.1,130.1,825
PE 10850,2018/11/28,15:13,127.35,127.35,126.3,126.65,1200
PE 10850,2018/11/28,15:14,126.85,126.85,122,122,1950
PE 10850,2018/11/28,15:15,125.5,126.6,125.5,126.6,525
PE 10850,2018/11/28,15:16,126.15,126.15,124.1,124.7,375
PE 10850,2018/11/28,15:17,122.5,122.5,121.7,121.7,150
PE 10850,2018/11/28,15:19,126.3,126.3,125.4,126.2,1575
PE 10850,2018/11/28,15:20,126.2,128.5,125.2,127.45,2550
PE 10850,2018/11/28,15:21,127,128.65,127,128.65,2025
PE 10850,2018/11/28,15:22,130.45,132.55,130.45,132.55,1050
PE 10850,2018/11/28,15:23,130.75,132.85,130.75,132.6,1500
PE 10850,2018/11/28,15:24,133.65,134.25,133.65,134.25,600
PE 10850,2018/11/28,15:25,136,136,136,136,150
PE 10850,2018/11/28,15:26,136.9,136.9,133.6,133.75,900
PE 10850,2018/11/28,15:28,132.95,133,132.95,133,450
PE 10850,2018/11/28,15:29,130.9,132.85,130.9,132.85,150
PE 10850,2018/11/28,15:30,130.9,132.85,128.15,128.15,0
PE 10850,2018/11/29,09:15,44.9,72.85,44.6,68,27450
PE 10850,2018/11/29,09:16,68.2,70,67.1,68.15,11400
PE 10850,2018/11/29,09:17,69.4,69.4,62.65,64.05,8625
PE 10850,2018/11/29,09:18,64,67.8,64,67.25,13800
PE 10850,2018/11/29,09:19,67.15,69.3,67.05,69,10575
PE 10850,2018/11/29,09:20,68.75,68.75,65,65,9600
PE 10850,2018/11/29,09:21,64.25,64.25,60.95,61.45,8025
PE 10850,2018/11/29,09:22,59.9,60.15,58.25,59.8,24225
PE 10850,2018/11/29,09:23,59.35,61.15,58.65,61.15,14775
PE 10850,2018/11/29,09:24,60.05,61.75,60,61,16875
PE 10850,2018/11/29,09:25,60.9,60.9,58.55,58.55,3900
PE 10850,2018/11/29,09:26,58.75,59.7,58,58,24375
PE 10850,2018/11/29,09:27,57.35,60.45,56.7,60.35,9000
PE 10850,2018/11/29,09:28,59.3,61,58.5,61,7350
PE 10850,2018/11/29,09:29,61.3,63.5,61.2,62.3,8550
PE 10850,2018/11/29,09:30,62.35,62.7,59.2,61.65,17925
PE 10850,2018/11/29,09:31,62.3,62.55,60.75,62.35,5475
PE 10850,2018/11/29,09:32,62.05,63,61.5,62,3600
PE 10850,2018/11/29,09:33,62.4,62.4,60.35,61,8325
PE 10850,2018/11/29,09:34,60.6,60.6,58,59.7,6825
PE 10850,2018/11/29,09:35,60.05,60.8,58.55,58.7,7425
PE 10850,2018/11/29,09:36,58,58.45,55.35,55.6,8250
PE 10850,2018/11/29,09:37,54.65,56,54.4,55.5,12975
PE 10850,2018/11/29,09:38,54.75,57.25,54.15,55.25,5775
PE 10850,2018/11/29,09:39,55.45,56.35,54.45,56.35,4950
PE 10850,2018/11/29,09:40,55.3,55.5,54.35,55.25,12450
PE 10850,2018/11/29,09:41,55,55.5,53.8,55.5,14475
PE 10850,2018/11/29,09:42,55.3,55.3,53.35,55,6900
PE 10850,2018/11/29,09:43,55,55,53.85,53.9,12675
PE 10850,2018/11/29,09:44,54,55,53.5,53.9,5175
PE 10850,2018/11/29,09:45,53.5,53.5,51.9,52.25,28125
PE 10850,2018/11/29,09:46,53,53.4,51.75,53.1,10050
PE 10850,2018/11/29,09:47,53,53.1,51,51,5325
PE 10850,2018/11/29,09:48,50.85,52.2,50.1,52,19725
PE 10850,2018/11/29,09:49,51.9,52.8,51.3,51.35,9900
PE 10850,2018/11/29,09:50,51.5,53.55,51.5,53.35,18150
PE 10850,2018/11/29,09:51,52.75,53.6,52.45,53.6,7200
PE 10850,2018/11/29,09:52,53.65,55.1,53.6,54.5,8850
PE 10850,2018/11/29,09:53,53.65,55.1,53.25,55,16200
PE 10850,2018/11/29,09:54,54.9,55.95,53.25,55.6,14400
PE 10850,2018/11/29,09:55,55.35,57.2,55.35,56.25,13500
PE 10850,2018/11/29,09:56,56,58,56,57.4,10050
PE 10850,2018/11/29,09:57,57.55,58,55.45,58,9525
PE 10850,2018/11/29,09:58,58.85,59.3,57.85,58.4,10350
PE 10850,2018/11/29,09:59,57.95,58.4,55.25,55.25,6900
PE 10850,2018/11/29,10:00,55.95,56,55.6,56,2775
PE 10850,2018/11/29,10:01,56.65,58.8,55.9,58.4,10500
PE 10850,2018/11/29,10:02,58.3,59.25,57.5,58.8,4575
PE 10850,2018/11/29,10:03,58.55,58.55,56.5,56.55,3225
PE 10850,2018/11/29,10:04,55.95,56.55,55.9,56.35,1725
PE 10850,2018/11/29,10:05,56.05,56.35,56,56.05,2400
PE 10850,2018/11/29,10:06,55.7,55.75,54.2,54.6,6375
PE 10850,2018/11/29,10:07,54.3,55.85,54.05,55.65,9300
PE 10850,2018/11/29,10:08,55.6,55.7,54.1,55.6,3150
PE 10850,2018/11/29,10:09,55.35,55.65,54.45,54.55,5700
PE 10850,2018/11/29,10:10,54.05,54.05,52.75,53,17250
PE 10850,2018/11/29,10:11,53,55,53,55,5550
PE 10850,2018/11/29,10:12,55,55.1,54.75,54.9,2625
PE 10850,2018/11/29,10:13,54.85,54.85,54,54,2100
PE 10850,2018/11/29,10:14,54.45,54.5,54.1,54.1,6375
PE 10850,2018/11/29,10:15,54,54.05,53.35,53.35,7800
PE 10850,2018/11/29,10:16,53,53.35,52.4,52.7,9075
PE 10850,2018/11/29,10:17,52.65,53.25,51.5,51.5,11325
PE 10850,2018/11/29,10:18,51.5,51.5,50.6,51,10425
PE 10850,2018/11/29,10:19,50.55,51.5,50.55,51.05,6750
PE 10850,2018/11/29,10:20,50.7,50.85,49.45,49.45,14175
PE 10850,2018/11/29,10:21,50,50.75,49.6,50.6,8175
PE 10850,2018/11/29,10:22,50.2,51.75,50.2,50.35,6000
PE 10850,2018/11/29,10:23,50.05,51.25,50,50.75,6375
PE 10850,2018/11/29,10:24,51.25,51.25,48.35,48.35,13575
PE 10850,2018/11/29,10:25,48.55,49.5,48.4,49.15,15225
PE 10850,2018/11/29,10:26,48.8,48.8,47.6,47.7,10575
PE 10850,2018/11/29,10:27,47.55,47.75,45.85,46.3,14925
PE 10850,2018/11/29,10:28,46.85,47.4,46.1,46.45,18150
PE 10850,2018/11/29,10:29,47.3,47.45,46.35,47.1,12300
PE 10850,2018/11/29,10:30,46.9,46.9,42.25,44.95,43500
PE 10850,2018/11/29,10:31,44.85,46.65,44.8,45.5,19950
PE 10850,2018/11/29,10:32,45.3,46.35,44.9,46.05,12675
PE 10850,2018/11/29,10:33,46.25,46.65,45,45.25,9000
PE 10850,2018/11/29,10:34,45.7,46,44.55,44.95,21750
PE 10850,2018/11/29,10:35,44.4,45.8,44.35,45.35,12450
PE 10850,2018/11/29,10:36,44.85,45.55,44.4,44.4,7575
PE 10850,2018/11/29,10:37,44.3,45.1,43.5,45.1,11625
PE 10850,2018/11/29,10:38,44.85,44.85,42.15,42.75,17850
PE 10850,2018/11/29,10:39,42.8,43.75,40.5,43.1,26175
PE 10850,2018/11/29,10:40,43,43.25,40,41.25,37275
PE 10850,2018/11/29,10:41,40.65,41.05,39.35,40.45,55650
PE 10850,2018/11/29,10:42,40.45,41.2,39.6,40.35,21225
PE 10850,2018/11/29,10:43,40.35,40.85,40,40.35,10725
PE 10850,2018/11/29,10:44,40.25,40.35,38.3,39.55,31800
PE 10850,2018/11/29,10:45,39.2,39.2,36.5,36.75,34050
PE 10850,2018/11/29,10:46,37.15,37.3,33.5,34,96000
PE 10850,2018/11/29,10:47,34.05,35.75,34.05,35.75,86325
PE 10850,2018/11/29,10:48,35.8,37.65,35.25,37.65,50250
PE 10850,2018/11/29,10:49,37.45,38,37.25,37.85,27825
PE 10850,2018/11/29,10:50,38.1,38.5,36.65,36.9,34800
PE 10850,2018/11/29,10:51,37.15,38.75,37.05,38.35,27900
PE 10850,2018/11/29,10:52,38.3,38.9,37.6,38,22800
PE 10850,2018/11/29,10:53,38.15,39.6,38.05,39.6,22350
PE 10850,2018/11/29,10:54,39.9,41.05,39.35,40.75,35775
PE 10850,2018/11/29,10:55,40.7,40.7,39.5,39.7,16350
PE 10850,2018/11/29,10:56,39.7,39.95,39,39.05,16350
PE 10850,2018/11/29,10:57,39.4,40.05,38.15,38.9,23850
PE 10850,2018/11/29,10:58,38.95,39.85,38.6,39.85,9375
PE 10850,2018/11/29,10:59,39.95,40.55,39.8,40.5,32550
PE 10850,2018/11/29,11:00,40.6,42.85,40.6,42.6,28050
PE 10850,2018/11/29,11:01,42.4,44.5,42.4,43.15,57375
PE 10850,2018/11/29,11:02,42.85,42.85,41.3,42.25,11175
PE 10850,2018/11/29,11:03,41.7,42.7,41.3,42.35,16050
PE 10850,2018/11/29,11:04,42.7,43.35,41.9,42.1,24975
PE 10850,2018/11/29,11:05,42.15,43.35,42,42.4,21525
PE 10850,2018/11/29,11:06,42.95,43.05,41.85,42.65,16425
PE 10850,2018/11/29,11:07,42.35,44,41.9,44,18525
PE 10850,2018/11/29,11:08,44.3,45,43.15,44.8,18825
PE 10850,2018/11/29,11:09,44.45,45.8,43.8,45.65,22350
PE 10850,2018/11/29,11:10,46.2,46.2,44,45.5,22950
PE 10850,2018/11/29,11:11,45.35,45.65,44.4,44.95,7125
PE 10850,2018/11/29,11:12,44.65,46.05,43.95,46.05,22725
PE 10850,2018/11/29,11:13,46.05,46.05,45.2,45.55,12450
PE 10850,2018/11/29,11:14,45.6,45.65,44.25,44.55,8925
PE 10850,2018/11/29,11:15,44.75,44.9,43.05,43.05,7350
PE 10850,2018/11/29,11:16,43,43.2,41.35,41.45,11175
PE 10850,2018/11/29,11:17,41.45,41.45,40.35,40.95,13950
PE 10850,2018/11/29,11:18,40.6,41.05,38.85,38.85,13350
PE 10850,2018/11/29,11:19,39.15,39.75,38.5,39.65,16800
PE 10850,2018/11/29,11:20,39.2,39.2,37.65,37.8,14025
PE 10850,2018/11/29,11:21,38.35,39.5,37.9,38.75,15600
PE 10850,2018/11/29,11:22,38.4,38.6,36.6,36.75,23400
PE 10850,2018/11/29,11:23,36.45,36.55,34.7,34.7,34950
PE 10850,2018/11/29,11:24,34.9,34.9,30.45,32.5,106950
PE 10850,2018/11/29,11:25,32.4,34.25,32.05,34.05,45600
PE 10850,2018/11/29,11:26,33.7,34.25,33.4,34,32700
PE 10850,2018/11/29,11:27,34,36.05,34,35.4,69300
PE 10850,2018/11/29,11:28,35.45,35.45,33.6,34.35,36750
PE 10850,2018/11/29,11:29,34.1,34.1,32.65,33.2,62100
PE 10850,2018/11/29,11:30,33.3,33.3,31.05,31.65,57075
PE 10850,2018/11/29,11:31,31.6,32.75,30.3,32.15,52050
PE 10850,2018/11/29,11:32,32.2,32.65,30.9,31.9,50700
PE 10850,2018/11/29,11:33,31.8,32,30.7,31.95,35475
PE 10850,2018/11/29,11:34,31.9,32.85,31.8,32,39000
PE 10850,2018/11/29,11:35,32.15,34.35,31.65,34.35,65625
PE 10850,2018/11/29,11:36,34.45,34.55,33.7,34.15,26475
PE 10850,2018/11/29,11:37,34.2,34.5,33.4,33.4,23925
PE 10850,2018/11/29,11:38,33.3,33.7,32.4,33.7,42075
PE 10850,2018/11/29,11:39,33.7,35.95,33.4,35.85,59175
PE 10850,2018/11/29,11:40,35.95,36.3,35.2,36.3,30375
PE 10850,2018/11/29,11:41,36.3,36.6,34.55,35.05,36525
PE 10850,2018/11/29,11:42,34.85,35.75,34.65,34.75,14625
PE 10850,2018/11/29,11:43,34.75,35.05,32.75,33.05,33150
PE 10850,2018/11/29,11:44,33.3,36.3,33.3,36,42000
PE 10850,2018/11/29,11:45,36.6,36.6,35.25,35.7,32550
PE 10850,2018/11/29,11:46,35.7,35.7,34,34.85,26100
PE 10850,2018/11/29,11:47,35.2,36.35,35,36.35,19125
PE 10850,2018/11/29,11:48,36.65,37.95,36.15,37.85,33075
PE 10850,2018/11/29,11:49,37.85,38.45,37.75,37.8,34125
PE 10850,2018/11/29,11:50,37.75,37.85,35.3,35.6,19275
PE 10850,2018/11/29,11:51,35.65,37.15,35.65,35.9,27675
PE 10850,2018/11/29,11:52,36.3,36.3,34.35,35.05,16125
PE 10850,2018/11/29,11:53,34.9,36.5,34.9,35.7,40875
PE 10850,2018/11/29,11:54,36.35,36.7,35,36.15,22200
PE 10850,2018/11/29,11:55,35.85,36.45,35.05,36,12450
PE 10850,2018/11/29,11:56,35.75,36.25,35.4,35.75,10650
PE 10850,2018/11/29,11:57,35.65,37,35.65,37,26700
PE 10850,2018/11/29,11:58,37,37.3,35.25,36.25,42075
PE 10850,2018/11/29,11:59,36,37.3,35.95,37.3,33825
PE 10850,2018/11/29,12:00,37.45,39.45,37.4,39,41550
PE 10850,2018/11/29,12:01,38.7,38.75,37.85,38.55,27375
PE 10850,2018/11/29,12:02,38.35,38.65,37.2,37.9,21450
PE 10850,2018/11/29,12:03,38,38.5,37.65,38.2,15075
PE 10850,2018/11/29,12:04,38,38.1,37.65,37.75,11400
PE 10850,2018/11/29,12:05,37.7,38.4,36.75,36.8,10950
PE 10850,2018/11/29,12:06,36.4,37.65,36.35,37.65,15675
PE 10850,2018/11/29,12:07,37.55,38.5,37,38.4,19200
PE 10850,2018/11/29,12:08,38.45,38.45,37.5,38.3,3450
PE 10850,2018/11/29,12:09,38.1,38.55,37.95,38.05,14925
PE 10850,2018/11/29,12:10,38,38.65,37,38.15,23850
PE 10850,2018/11/29,12:11,37.9,38.4,37.5,37.5,12600
PE 10850,2018/11/29,12:12,37.3,37.55,36.6,37,18900
PE 10850,2018/11/29,12:13,36.85,37.55,36.65,36.65,16125
PE 10850,2018/11/29,12:14,36.9,36.9,35.55,35.6,23475
PE 10850,2018/11/29,12:15,35.05,37.05,34.9,35.75,23625
PE 10850,2018/11/29,12:16,35.55,36.15,35.35,35.95,6225
PE 10850,2018/11/29,12:17,36.05,36.5,35.9,36.15,10650
PE 10850,2018/11/29,12:18,36.35,36.6,35.35,35.75,21375
PE 10850,2018/11/29,12:19,35.7,35.7,32.8,33.55,39675
PE 10850,2018/11/29,12:20,33.75,34.25,33.05,33.75,24375
PE 10850,2018/11/29,12:21,33.6,33.95,32.35,33.65,46800
PE 10850,2018/11/29,12:22,33.6,34.6,33,33.1,23250
PE 10850,2018/11/29,12:23,33.65,33.7,32.45,33.65,20550
PE 10850,2018/11/29,12:24,33.4,34.85,33.4,34.65,21075
PE 10850,2018/11/29,12:25,34.5,35.1,33.8,35.1,17475
PE 10850,2018/11/29,12:26,35.2,35.5,34.7,34.85,8175
PE 10850,2018/11/29,12:27,34.65,36.3,34.55,35.15,23925
PE 10850,2018/11/29,12:28,35.05,35.85,34.8,35.65,14625
PE 10850,2018/11/29,12:29,35.95,35.95,35,35.4,9675
PE 10850,2018/11/29,12:30,35.5,36.8,35.5,36.75,13725
PE 10850,2018/11/29,12:31,35.9,37.75,35.65,37.75,22650
PE 10850,2018/11/29,12:32,37.1,41.35,36.55,40.75,114075
PE 10850,2018/11/29,12:33,41.95,45.45,41.95,44.65,102150
PE 10850,2018/11/29,12:34,44.65,44.75,40.45,40.95,37575
PE 10850,2018/11/29,12:35,41,43.85,41,42.45,23850
PE 10850,2018/11/29,12:36,42.25,42.25,40.2,40.2,12225
PE 10850,2018/11/29,12:37,40.1,40.35,38.3,39.2,31800
PE 10850,2018/11/29,12:38,38.6,39.85,38.6,39,11250
PE 10850,2018/11/29,12:39,39.5,39.6,37.85,37.85,19950
PE 10850,2018/11/29,12:40,37.85,38,34.75,35.05,53025
PE 10850,2018/11/29,12:41,35.35,35.75,34.35,34.35,29775
PE 10850,2018/11/29,12:42,34.4,34.6,33,33.6,28350
PE 10850,2018/11/29,12:43,33.7,33.8,32.4,33.05,32250
PE 10850,2018/11/29,12:44,32.95,35.65,32.85,34.1,22500
PE 10850,2018/11/29,12:45,34,34.8,33,33,16500
PE 10850,2018/11/29,12:46,32.85,33.1,31.65,32.55,65100
PE 10850,2018/11/29,12:47,32.5,32.8,31.5,32.8,42525
PE 10850,2018/11/29,12:48,32.8,34.45,32.8,34.45,22425
PE 10850,2018/11/29,12:49,34.35,35.3,33.85,34.45,16500
PE 10850,2018/11/29,12:50,34.25,34.25,33.05,33.55,25575
PE 10850,2018/11/29,12:51,33.5,34.2,32.85,32.85,24300
PE 10850,2018/11/29,12:52,32.9,33.85,32.85,33.5,14550
PE 10850,2018/11/29,12:53,33.3,33.3,31.65,32.2,20925
PE 10850,2018/11/29,12:54,32.1,32.1,30,31.05,40800
PE 10850,2018/11/29,12:55,31.3,33.5,31.3,33.25,25725
PE 10850,2018/11/29,12:56,33.6,34,32.4,33.3,38025
PE 10850,2018/11/29,12:57,32.8,33.8,32.1,32.85,41700
PE 10850,2018/11/29,12:58,32.95,32.95,28.1,28.7,82050
PE 10850,2018/11/29,12:59,29.55,29.6,23,26.85,112950
PE 10850,2018/11/29,13:00,27,29.15,26.9,28.7,47325
PE 10850,2018/11/29,13:01,28.95,29.1,28.15,28.3,34425
PE 10850,2018/11/29,13:02,28.3,29.05,27.55,28.75,55050
PE 10850,2018/11/29,13:03,28.75,30.7,28.6,30.4,32550
PE 10850,2018/11/29,13:04,29.5,31.5,29.35,31.3,24525
PE 10850,2018/11/29,13:05,31.7,32.45,31.2,32.4,15300
PE 10850,2018/11/29,13:06,32.75,32.75,31.4,32,27300
PE 10850,2018/11/29,13:07,31.45,31.8,28.75,28.9,30075
PE 10850,2018/11/29,13:08,29.2,30.3,27.05,27.05,30975
PE 10850,2018/11/29,13:09,26.8,27.35,26.1,26.1,36825
PE 10850,2018/11/29,13:10,26.1,26.1,24.1,25.25,64200
PE 10850,2018/11/29,13:11,24.75,25.55,23.95,24,36525
PE 10850,2018/11/29,13:12,24.25,24.8,23.3,24.05,107550
PE 10850,2018/11/29,13:13,24.05,24.7,22.8,23.1,64125
PE 10850,2018/11/29,13:14,22.85,24.95,22.75,24.5,69600
PE 10850,2018/11/29,13:15,24.35,25.15,23.8,24.85,55500
PE 10850,2018/11/29,13:16,25,25.15,23.5,25.15,24150
PE 10850,2018/11/29,13:17,25.3,27.45,24.75,27.45,56025
PE 10850,2018/11/29,13:18,26.7,28.3,26.4,28.3,73125
PE 10850,2018/11/29,13:19,27.7,28.95,27.65,28.85,43275
PE 10850,2018/11/29,13:20,28.9,28.9,25.65,25.7,58125
PE 10850,2018/11/29,13:21,25.75,26.15,24.15,25.25,54825
PE 10850,2018/11/29,13:22,25.85,26.45,25.7,25.9,24225
PE 10850,2018/11/29,13:23,25.95,26.05,22.7,23.65,76650
PE 10850,2018/11/29,13:24,23.6,25.15,23.4,24.4,40575
PE 10850,2018/11/29,13:25,24.5,26.4,24.5,26.35,75600
PE 10850,2018/11/29,13:26,26.6,28.7,26,28.7,53775
PE 10850,2018/11/29,13:27,28.7,29.1,28,28,42075
PE 10850,2018/11/29,13:28,27.9,29.25,27.25,28.55,38850
PE 10850,2018/11/29,13:29,28.45,29.5,28.25,28.8,16200
PE 10850,2018/11/29,13:30,28.6,28.8,25.9,25.9,39075
PE 10850,2018/11/29,13:31,25.2,26.05,24.45,25.25,49050
PE 10850,2018/11/29,13:32,25.15,25.4,23.65,24.7,44700
PE 10850,2018/11/29,13:33,24.75,25.15,23.5,25.05,55725
PE 10850,2018/11/29,13:34,25.05,26,24.05,25.85,17400
PE 10850,2018/11/29,13:35,25.85,25.95,24.4,24.55,29250
PE 10850,2018/11/29,13:36,25.4,28,25.4,27.05,37050
PE 10850,2018/11/29,13:37,27.1,27.55,25.75,26.9,33225
PE 10850,2018/11/29,13:38,26.75,30,26.75,28.7,55050
PE 10850,2018/11/29,13:39,28.6,28.6,26.1,27.4,30825
PE 10850,2018/11/29,13:40,27.5,29.1,26.05,28.65,37875
PE 10850,2018/11/29,13:41,28.15,28.5,27.1,28.3,25125
PE 10850,2018/11/29,13:42,28.4,28.4,26.1,27.95,25725
PE 10850,2018/11/29,13:43,27.8,28.7,27,27.35,17025
PE 10850,2018/11/29,13:44,27,27.5,25.5,25.8,34050
PE 10850,2018/11/29,13:45,26,26,23.1,23.2,48075
PE 10850,2018/11/29,13:46,23.25,23.25,21.9,21.9,40875
PE 10850,2018/11/29,13:47,21.75,23.8,20.5,23.4,82800
PE 10850,2018/11/29,13:48,23.85,24.45,23.35,24.3,41400
PE 10850,2018/11/29,13:49,23.9,24.25,20.55,20.55,68250
PE 10850,2018/11/29,13:50,20.65,21.4,18.65,19.85,90675
PE 10850,2018/11/29,13:51,20.5,22.15,20.05,21.4,86925
PE 10850,2018/11/29,13:52,21.55,22.65,21.55,22.25,59400
PE 10850,2018/11/29,13:53,22,22.25,20.55,20.55,27450
PE 10850,2018/11/29,13:54,20.4,24.35,20,24.35,82200
PE 10850,2018/11/29,13:55,24.45,25.45,23.2,24.9,61125
PE 10850,2018/11/29,13:56,24.95,24.95,22.05,22.1,37425
PE 10850,2018/11/29,13:57,22,22.25,21,21,76425
PE 10850,2018/11/29,13:58,20.6,21.4,19.45,19.95,67725
PE 10850,2018/11/29,13:59,20,21.05,19.25,19.4,104325
PE 10850,2018/11/29,14:00,19.4,19.5,15.75,16.3,141900
PE 10850,2018/11/29,14:01,15.7,15.7,10,12,499350
PE 10850,2018/11/29,14:02,11.6,12.25,11.2,11.2,306525
PE 10850,2018/11/29,14:03,11.6,11.6,7.15,7.7,393975
PE 10850,2018/11/29,14:04,7.3,8.7,7.3,8.35,345075
PE 10850,2018/11/29,14:05,8.9,9.55,8.2,9.55,395475
PE 10850,2018/11/29,14:06,9.6,10.4,9.25,10.4,243150
PE 10850,2018/11/29,14:07,10.25,11.35,10.2,11.2,174150
PE 10850,2018/11/29,14:08,11.3,11.95,11.05,11.1,165075
PE 10850,2018/11/29,14:09,10.65,11.35,9.95,9.95,136425
PE 10850,2018/11/29,14:10,10,10.3,9.05,9.25,159900
PE 10850,2018/11/29,14:11,9,9,8.1,8.1,175500
PE 10850,2018/11/29,14:12,8.25,8.4,6.25,6.45,203850
PE 10850,2018/11/29,14:13,6,6,3.7,4.4,456750
PE 10850,2018/11/29,14:14,4.3,5.35,4.3,5.35,241575
PE 10850,2018/11/29,14:15,5.55,7.35,5.55,7.35,226200
PE 10850,2018/11/29,14:16,7.2,7.25,6.25,6.3,185325
PE 10850,2018/11/29,14:17,6.35,6.9,6.2,6.65,184425
PE 10850,2018/11/29,14:18,6.35,7.45,6.3,7,165450
PE 10850,2018/11/29,14:19,7.1,7.2,6.4,6.8,113850
PE 10850,2018/11/29,14:20,6.55,6.85,5.05,5.05,137400
PE 10850,2018/11/29,14:21,5.05,6.45,5.05,6.25,154350
PE 10850,2018/11/29,14:22,6.6,6.95,6.4,6.8,149100
PE 10850,2018/11/29,14:23,6.75,6.95,6,6,146625
PE 10850,2018/11/29,14:24,6,6.8,5.85,6.6,106650
PE 10850,2018/11/29,14:25,6.65,7.45,6.6,7.25,169950
PE 10850,2018/11/29,14:26,7.35,8.55,7,8.3,213075
PE 10850,2018/11/29,14:27,8.5,8.7,7,7,154425
PE 10850,2018/11/29,14:28,7.5,7.5,6.7,6.9,164925
PE 10850,2018/11/29,14:29,7.05,7.05,5.8,5.95,125250
PE 10850,2018/11/29,14:30,5.85,6.65,5.85,6.65,111900
PE 10850,2018/11/29,14:31,6.95,6.95,5.9,5.9,86775
PE 10850,2018/11/29,14:32,6,6.05,5.4,5.95,135900
PE 10850,2018/11/29,14:33,6,6.3,5.45,6,113775
PE 10850,2018/11/29,14:34,6.15,7.4,6,7.4,134925
PE 10850,2018/11/29,14:35,7.7,7.85,6.8,7,162675
PE 10850,2018/11/29,14:36,6.75,7.25,6.1,6.3,90150
PE 10850,2018/11/29,14:37,6.35,7,6,6.15,91950
PE 10850,2018/11/29,14:38,6.1,6.65,6,6.65,92925
PE 10850,2018/11/29,14:39,6.5,7,6.3,6.3,79500
PE 10850,2018/11/29,14:40,5.8,6,5.4,5.7,96150
PE 10850,2018/11/29,14:41,5.95,6,5.3,6,104700
PE 10850,2018/11/29,14:42,5.95,6.05,5.5,6,90825
PE 10850,2018/11/29,14:43,5.95,6.3,5.35,6.3,117900
PE 10850,2018/11/29,14:44,6.35,6.35,4.7,4.7,178200
PE 10850,2018/11/29,14:45,4.8,5,4,4.5,195075
PE 10850,2018/11/29,14:46,4.55,4.95,4.25,4.65,135675
PE 10850,2018/11/29,14:47,4.9,5.05,4.4,4.7,157500
PE 10850,2018/11/29,14:48,4.75,5.3,4.5,4.5,94950
PE 10850,2018/11/29,14:49,4.3,4.85,4.05,4.4,129225
PE 10850,2018/11/29,14:50,4.65,4.8,3.4,3.65,132075
PE 10850,2018/11/29,14:51,3.55,3.55,2.2,2.45,186600
PE 10850,2018/11/29,14:52,2.45,3.25,2.15,3.05,137550
PE 10850,2018/11/29,14:53,3.15,3.4,2.85,2.85,70050
PE 10850,2018/11/29,14:54,2.95,3,2.5,2.6,87525
PE 10850,2018/11/29,14:55,2.55,2.7,2,2.4,144300
PE 10850,2018/11/29,14:56,2.5,2.65,2.3,2.3,87300
PE 10850,2018/11/29,14:57,2.25,2.5,1.65,1.75,114300
PE 10850,2018/11/29,14:58,1.85,2.05,1.65,1.9,187800
PE 10850,2018/11/29,14:59,1.85,1.85,1.55,1.6,130425
PE 10850,2018/11/29,15:00,1.4,3.6,1.35,3.6,510075
PE 10850,2018/11/29,15:01,5.25,5.8,2.55,3.35,394500
PE 10850,2018/11/29,15:02,3.5,3.5,2.5,3.2,212550
PE 10850,2018/11/29,15:03,3.35,4.25,2.25,2.3,297450
PE 10850,2018/11/29,15:04,2.25,2.65,1.75,2,236325
PE 10850,2018/11/29,15:05,1.95,2.5,1.6,2.15,244125
PE 10850,2018/11/29,15:06,1.8,2.2,1.5,2,235725
PE 10850,2018/11/29,15:07,2.2,3.8,1.8,3.8,180975
PE 10850,2018/11/29,15:08,4.1,5.5,3.35,5.5,418425
PE 10850,2018/11/29,15:09,4.9,4.9,2.2,2.35,218850
PE 10850,2018/11/29,15:10,2.35,2.95,1.5,2.95,232200
PE 10850,2018/11/29,15:11,2.5,2.5,1.35,1.85,218250
PE 10850,2018/11/29,15:12,1.9,2.2,1.4,2,204600
PE 10850,2018/11/29,15:13,1.95,1.95,1.25,1.3,190050
PE 10850,2018/11/29,15:14,1.2,1.4,0.5,0.5,314250
PE 10850,2018/11/29,15:15,0.45,0.55,0.25,0.55,351300
PE 10850,2018/11/29,15:16,0.55,0.8,0.5,0.55,205800
PE 10850,2018/11/29,15:17,0.55,0.7,0.55,0.6,128550
PE 10850,2018/11/29,15:18,0.6,0.6,0.35,0.4,207075
PE 10850,2018/11/29,15:19,0.35,0.4,0.2,0.2,193275
PE 10850,2018/11/29,15:20,0.15,0.2,0.1,0.1,360750
PE 10850,2018/11/29,15:21,0.1,0.15,0.1,0.1,113550
PE 10850,2018/11/29,15:22,0.1,0.15,0.05,0.05,199500
PE 10850,2018/11/29,15:23,0.05,0.1,0.05,0.1,186975
PE 10850,2018/11/29,15:24,0.1,0.1,0.05,0.05,312075
PE 10850,2018/11/29,15:25,0.05,0.05,0.05,0.05,5625
PE 10850,2018/11/29,15:26,0.05,0.05,0.05,0.05,1725
PE 10850,2018/11/29,15:27,0.05,0.05,0.05,0.05,2775
PE 10850,2018/11/29,15:28,0.05,0.05,0.05,0.05,3225
PE 10850,2018/11/29,15:29,0.05,0.05,0.05,0.05,150
