name,date,time,D
CE 10800,2018/08/01,09:17,589.75
CE 10800,2018/08/01,09:18,591.9
CE 10800,2018/08/01,09:19,592.0
CE 10800,2018/08/01,09:22,606.0
CE 10800,2018/08/01,09:23,606.95
CE 10800,2018/08/01,09:24,605.0
CE 10800,2018/08/01,09:26,605.0
CE 10800,2018/08/01,09:28,605.0
CE 10800,2018/08/01,09:32,600.0
CE 10800,2018/08/01,09:33,600.0
CE 10800,2018/08/01,09:34,601.45
CE 10800,2018/08/01,09:35,598.0
CE 10800,2018/08/01,09:37,596.0
CE 10800,2018/08/01,09:39,594.0
CE 10800,2018/08/01,09:40,588.85
CE 10800,2018/08/01,09:42,597.0
CE 10800,2018/08/01,09:44,599.2
CE 10800,2018/08/01,09:48,602.0
CE 10800,2018/08/01,09:51,602.5
CE 10800,2018/08/01,09:54,603.2
CE 10800,2018/08/01,09:55,605.0
CE 10800,2018/08/01,09:57,606.5
CE 10800,2018/08/01,09:58,608.5
CE 10800,2018/08/01,09:59,608.5
CE 10800,2018/08/01,10:01,612.05
CE 10800,2018/08/01,10:03,609.85
CE 10800,2018/08/01,10:05,605.75
CE 10800,2018/08/01,10:12,612.1
CE 10800,2018/08/01,10:14,606.6
CE 10800,2018/08/01,10:17,612.1
CE 10800,2018/08/01,10:27,606.0
CE 10800,2018/08/01,10:30,605.0
CE 10800,2018/08/01,10:31,605.0
CE 10800,2018/08/01,10:51,601.95
CE 10800,2018/08/01,10:54,599.6
CE 10800,2018/08/01,11:02,595.6
CE 10800,2018/08/01,11:08,591.15
CE 10800,2018/08/01,11:09,591.0
CE 10800,2018/08/01,11:10,590.0
CE 10800,2018/08/01,11:14,590.7
CE 10800,2018/08/01,11:17,594.9
CE 10800,2018/08/01,11:18,596.95
CE 10800,2018/08/01,11:25,585.0
CE 10800,2018/08/01,11:27,585.0
CE 10800,2018/08/01,11:30,586.0
CE 10800,2018/08/01,11:31,580.45
CE 10800,2018/08/01,11:41,581.95
CE 10800,2018/08/01,11:42,579.95
CE 10800,2018/08/01,11:45,582.35
CE 10800,2018/08/01,11:48,588.1
CE 10800,2018/08/01,11:50,590.0
CE 10800,2018/08/01,11:51,590.0
CE 10800,2018/08/01,11:53,593.65
CE 10800,2018/08/01,11:56,590.0
CE 10800,2018/08/01,11:59,588.0
CE 10800,2018/08/01,12:06,593.0
CE 10800,2018/08/01,12:08,590.2
CE 10800,2018/08/01,12:10,593.0
CE 10800,2018/08/01,12:11,593.0
CE 10800,2018/08/01,12:12,595.0
CE 10800,2018/08/01,12:13,600.0
CE 10800,2018/08/01,12:17,600.05
CE 10800,2018/08/01,12:18,597.0
CE 10800,2018/08/01,12:34,595.0
CE 10800,2018/08/01,13:10,581.55
CE 10800,2018/08/01,13:26,580.0
CE 10800,2018/08/01,13:28,583.2
CE 10800,2018/08/01,13:35,590.0
CE 10800,2018/08/01,13:38,586.0
CE 10800,2018/08/01,13:39,580.0
CE 10800,2018/08/01,13:41,579.0
CE 10800,2018/08/01,13:44,577.0
CE 10800,2018/08/01,13:47,580.3
CE 10800,2018/08/01,13:50,575.35
CE 10800,2018/08/01,14:04,582.0
CE 10800,2018/08/01,14:05,585.05
CE 10800,2018/08/01,14:11,574.6
CE 10800,2018/08/01,14:15,577.0
CE 10800,2018/08/01,14:17,577.0
CE 10800,2018/08/01,14:21,584.0
CE 10800,2018/08/01,14:24,582.0
CE 10800,2018/08/01,14:26,582.9
CE 10800,2018/08/01,14:29,584.0
CE 10800,2018/08/01,14:30,575.0
CE 10800,2018/08/01,14:32,581.85
CE 10800,2018/08/01,14:33,580.8
CE 10800,2018/08/01,14:34,582.2
CE 10800,2018/08/01,14:35,580.8
CE 10800,2018/08/01,14:38,582.0
CE 10800,2018/08/01,14:39,575.0
CE 10800,2018/08/01,14:40,565.0
CE 10800,2018/08/01,14:41,560.0
CE 10800,2018/08/01,14:43,572.05
CE 10800,2018/08/01,14:44,570.0
CE 10800,2018/08/01,14:46,579.0
CE 10800,2018/08/01,14:49,580.6
CE 10800,2018/08/01,14:53,585.0
CE 10800,2018/08/01,14:55,591.0
CE 10800,2018/08/01,14:56,592.95
CE 10800,2018/08/01,14:57,597.7
CE 10800,2018/08/01,14:58,596.05
CE 10800,2018/08/01,14:59,593.55
CE 10800,2018/08/01,15:00,600.0
CE 10800,2018/08/01,15:03,608.9
CE 10800,2018/08/01,15:04,604.0
CE 10800,2018/08/01,15:05,600.2
CE 10800,2018/08/01,15:08,603.5
CE 10800,2018/08/01,15:09,603.75
CE 10800,2018/08/01,15:10,605.0
CE 10800,2018/08/01,15:12,601.0
CE 10800,2018/08/01,15:13,599.05
CE 10800,2018/08/01,15:16,587.55
CE 10800,2018/08/01,15:18,585.5
CE 10800,2018/08/01,15:20,580.0
CE 10800,2018/08/01,15:22,573.0
CE 10800,2018/08/01,15:25,573.55
CE 10800,2018/08/01,15:26,575.2
CE 10800,2018/08/01,15:27,570.0
CE 10800,2018/08/01,15:28,567.85
CE 10800,2018/08/01,15:29,568.35
CE 10800,2018/08/01,15:30,568.35
CE 10800,2018/08/02,09:15,549.3
CE 10800,2018/08/02,09:16,547.65
CE 10800,2018/08/02,09:18,545.0
CE 10800,2018/08/02,09:19,554.6
CE 10800,2018/08/02,09:20,547.0
CE 10800,2018/08/02,09:25,548.15
CE 10800,2018/08/02,09:27,547.1
CE 10800,2018/08/02,09:29,548.55
CE 10800,2018/08/02,09:30,546.0
CE 10800,2018/08/02,09:31,545.0
CE 10800,2018/08/02,09:32,538.25
CE 10800,2018/08/02,09:34,534.0
CE 10800,2018/08/02,09:35,533.75
CE 10800,2018/08/02,09:37,534.3
CE 10800,2018/08/02,09:38,526.0
CE 10800,2018/08/02,09:40,524.7
CE 10800,2018/08/02,09:42,521.5
CE 10800,2018/08/02,09:43,523.9
CE 10800,2018/08/02,09:45,525.0
CE 10800,2018/08/02,09:46,530.15
CE 10800,2018/08/02,09:47,529.95
CE 10800,2018/08/02,09:48,526.15
CE 10800,2018/08/02,09:50,521.0
CE 10800,2018/08/02,09:54,521.0
CE 10800,2018/08/02,09:55,518.0
CE 10800,2018/08/02,09:56,518.0
CE 10800,2018/08/02,09:57,520.0
CE 10800,2018/08/02,09:58,519.7
CE 10800,2018/08/02,10:00,521.0
CE 10800,2018/08/02,10:01,523.85
CE 10800,2018/08/02,10:02,527.0
CE 10800,2018/08/02,10:08,525.9
CE 10800,2018/08/02,10:13,530.7
CE 10800,2018/08/02,10:14,531.25
CE 10800,2018/08/02,10:15,533.9
CE 10800,2018/08/02,10:18,529.5
CE 10800,2018/08/02,10:24,535.0
CE 10800,2018/08/02,10:30,537.0
CE 10800,2018/08/02,10:32,533.2
CE 10800,2018/08/02,10:33,531.4
CE 10800,2018/08/02,10:37,530.0
CE 10800,2018/08/02,10:39,529.5
CE 10800,2018/08/02,10:41,537.1
CE 10800,2018/08/02,10:45,532.45
CE 10800,2018/08/02,11:03,525.0
CE 10800,2018/08/02,11:05,526.0
CE 10800,2018/08/02,11:08,528.95
CE 10800,2018/08/02,11:10,530.1
CE 10800,2018/08/02,11:11,532.2
CE 10800,2018/08/02,11:16,534.05
CE 10800,2018/08/02,11:26,531.7
CE 10800,2018/08/02,11:36,536.0
CE 10800,2018/08/02,11:38,542.0
CE 10800,2018/08/02,11:40,544.55
CE 10800,2018/08/02,11:41,542.0
CE 10800,2018/08/02,11:45,542.0
CE 10800,2018/08/02,11:50,538.35
CE 10800,2018/08/02,12:02,541.5
CE 10800,2018/08/02,12:10,545.0
CE 10800,2018/08/02,12:24,546.05
CE 10800,2018/08/02,12:26,540.0
CE 10800,2018/08/02,12:27,539.65
CE 10800,2018/08/02,12:36,539.0
CE 10800,2018/08/02,12:39,540.0
CE 10800,2018/08/02,12:47,543.5
CE 10800,2018/08/02,13:01,536.0
CE 10800,2018/08/02,13:02,535.0
CE 10800,2018/08/02,13:03,532.0
CE 10800,2018/08/02,13:04,529.0
CE 10800,2018/08/02,13:05,531.0
CE 10800,2018/08/02,13:07,532.0
CE 10800,2018/08/02,13:08,531.65
CE 10800,2018/08/02,13:11,531.35
CE 10800,2018/08/02,13:12,530.1
CE 10800,2018/08/02,13:13,530.0
CE 10800,2018/08/02,13:14,527.0
CE 10800,2018/08/02,13:15,525.0
CE 10800,2018/08/02,13:16,523.0
CE 10800,2018/08/02,13:17,525.0
CE 10800,2018/08/02,13:18,527.0
CE 10800,2018/08/02,13:19,526.0
CE 10800,2018/08/02,13:20,524.0
CE 10800,2018/08/02,13:21,524.0
CE 10800,2018/08/02,13:22,527.0
CE 10800,2018/08/02,13:23,527.0
CE 10800,2018/08/02,13:24,528.0
CE 10800,2018/08/02,13:26,525.0
CE 10800,2018/08/02,13:27,523.0
CE 10800,2018/08/02,13:28,522.0
CE 10800,2018/08/02,13:29,525.0
CE 10800,2018/08/02,13:30,523.0
CE 10800,2018/08/02,13:32,523.0
CE 10800,2018/08/02,13:45,532.55
CE 10800,2018/08/02,13:46,531.9
CE 10800,2018/08/02,13:49,531.35
CE 10800,2018/08/02,14:07,521.0
CE 10800,2018/08/02,14:08,517.15
CE 10800,2018/08/02,14:09,511.05
CE 10800,2018/08/02,14:10,517.75
CE 10800,2018/08/02,14:11,520.9
CE 10800,2018/08/02,14:13,515.6
CE 10800,2018/08/02,14:14,509.4
CE 10800,2018/08/02,14:15,510.0
CE 10800,2018/08/02,14:18,517.0
CE 10800,2018/08/02,14:21,514.0
CE 10800,2018/08/02,14:29,506.5
CE 10800,2018/08/02,14:34,511.3
CE 10800,2018/08/02,14:35,511.0
CE 10800,2018/08/02,14:38,509.0
CE 10800,2018/08/02,14:44,516.0
CE 10800,2018/08/02,14:47,520.0
CE 10800,2018/08/02,14:50,515.0
CE 10800,2018/08/02,14:56,521.25
CE 10800,2018/08/02,15:00,515.0
CE 10800,2018/08/02,15:02,506.0
CE 10800,2018/08/02,15:04,502.5
CE 10800,2018/08/02,15:08,505.0
CE 10800,2018/08/02,15:11,508.1
CE 10800,2018/08/02,15:14,508.0
CE 10800,2018/08/02,15:17,507.0
CE 10800,2018/08/02,15:19,504.0
CE 10800,2018/08/02,15:21,498.4
CE 10800,2018/08/02,15:22,500.1
CE 10800,2018/08/02,15:23,498.4
CE 10800,2018/08/02,15:24,498.25
CE 10800,2018/08/02,15:25,498.65
CE 10800,2018/08/02,15:28,495.3
CE 10800,2018/08/02,15:29,498.45
CE 10800,2018/08/02,15:30,498.45
CE 10800,2018/08/03,09:15,533.2
CE 10800,2018/08/03,09:16,535.45
CE 10800,2018/08/03,09:17,537.9
CE 10800,2018/08/03,09:18,535.8
CE 10800,2018/08/03,09:19,537.0
CE 10800,2018/08/03,09:20,543.1
CE 10800,2018/08/03,09:21,546.6
CE 10800,2018/08/03,09:22,549.0
CE 10800,2018/08/03,09:23,546.75
CE 10800,2018/08/03,09:24,544.9
CE 10800,2018/08/03,09:25,544.55
CE 10800,2018/08/03,09:26,539.1
CE 10800,2018/08/03,09:27,539.5
CE 10800,2018/08/03,09:28,543.35
CE 10800,2018/08/03,09:30,543.0
CE 10800,2018/08/03,09:31,544.9
CE 10800,2018/08/03,09:32,546.25
CE 10800,2018/08/03,09:33,544.7
CE 10800,2018/08/03,09:34,550.0
CE 10800,2018/08/03,09:35,564.15
CE 10800,2018/08/03,09:36,563.4
CE 10800,2018/08/03,09:37,562.6
CE 10800,2018/08/03,09:38,568.7
CE 10800,2018/08/03,09:39,560.1
CE 10800,2018/08/03,09:40,559.9
CE 10800,2018/08/03,09:43,555.0
CE 10800,2018/08/03,09:45,559.0
CE 10800,2018/08/03,09:46,560.9
CE 10800,2018/08/03,09:54,560.9
CE 10800,2018/08/03,10:00,571.65
CE 10800,2018/08/03,10:01,571.7
CE 10800,2018/08/03,10:02,570.7
CE 10800,2018/08/03,10:04,567.25
CE 10800,2018/08/03,10:06,567.65
CE 10800,2018/08/03,10:07,567.45
CE 10800,2018/08/03,10:09,567.8
CE 10800,2018/08/03,10:13,562.0
CE 10800,2018/08/03,10:14,561.0
CE 10800,2018/08/03,10:15,559.0
CE 10800,2018/08/03,10:16,560.0
CE 10800,2018/08/03,10:26,565.2
CE 10800,2018/08/03,10:33,569.55
CE 10800,2018/08/03,10:34,568.0
CE 10800,2018/08/03,10:36,569.8
CE 10800,2018/08/03,10:37,569.85
CE 10800,2018/08/03,10:38,568.8
CE 10800,2018/08/03,10:39,569.8
CE 10800,2018/08/03,10:41,570.0
CE 10800,2018/08/03,10:42,568.9
CE 10800,2018/08/03,10:45,570.1
CE 10800,2018/08/03,10:47,567.15
CE 10800,2018/08/03,10:49,570.0
CE 10800,2018/08/03,10:51,569.55
CE 10800,2018/08/03,10:54,568.0
CE 10800,2018/08/03,11:01,567.0
CE 10800,2018/08/03,11:02,566.1
CE 10800,2018/08/03,11:03,566.1
CE 10800,2018/08/03,11:06,567.55
CE 10800,2018/08/03,11:08,566.0
CE 10800,2018/08/03,11:15,565.4
CE 10800,2018/08/03,11:20,559.9
CE 10800,2018/08/03,11:22,561.15
CE 10800,2018/08/03,11:27,561.3
CE 10800,2018/08/03,11:28,562.15
CE 10800,2018/08/03,11:29,564.45
CE 10800,2018/08/03,11:35,568.0
CE 10800,2018/08/03,11:38,566.0
CE 10800,2018/08/03,11:39,565.6
CE 10800,2018/08/03,11:41,566.75
CE 10800,2018/08/03,11:43,563.05
CE 10800,2018/08/03,11:47,564.0
CE 10800,2018/08/03,11:55,562.95
CE 10800,2018/08/03,12:05,568.15
CE 10800,2018/08/03,12:16,566.2
CE 10800,2018/08/03,12:25,566.0
CE 10800,2018/08/03,12:41,568.4
CE 10800,2018/08/03,12:51,563.0
CE 10800,2018/08/03,13:00,564.1
CE 10800,2018/08/03,13:17,570.15
CE 10800,2018/08/03,13:21,577.85
CE 10800,2018/08/03,13:26,574.0
CE 10800,2018/08/03,13:32,581.6
CE 10800,2018/08/03,13:33,580.55
CE 10800,2018/08/03,13:34,581.5
CE 10800,2018/08/03,13:35,580.0
CE 10800,2018/08/03,13:36,580.0
CE 10800,2018/08/03,13:37,578.0
CE 10800,2018/08/03,13:38,579.0
CE 10800,2018/08/03,13:40,576.85
CE 10800,2018/08/03,13:43,579.0
CE 10800,2018/08/03,13:44,579.0
CE 10800,2018/08/03,13:45,580.5
CE 10800,2018/08/03,14:03,580.0
CE 10800,2018/08/03,14:04,581.05
CE 10800,2018/08/03,14:07,586.95
CE 10800,2018/08/03,14:12,585.65
CE 10800,2018/08/03,14:13,585.45
CE 10800,2018/08/03,14:14,586.3
CE 10800,2018/08/03,14:20,589.95
CE 10800,2018/08/03,14:26,587.7
CE 10800,2018/08/03,14:27,586.0
CE 10800,2018/08/03,14:28,586.4
CE 10800,2018/08/03,14:29,590.7
CE 10800,2018/08/03,14:30,595.4
CE 10800,2018/08/03,14:31,592.1
CE 10800,2018/08/03,14:33,592.7
CE 10800,2018/08/03,14:36,592.6
CE 10800,2018/08/03,14:38,593.6
CE 10800,2018/08/03,14:39,593.0
CE 10800,2018/08/03,14:40,597.7
CE 10800,2018/08/03,14:41,600.0
CE 10800,2018/08/03,14:43,600.0
CE 10800,2018/08/03,14:44,599.1
CE 10800,2018/08/03,14:45,592.0
CE 10800,2018/08/03,14:46,592.8
CE 10800,2018/08/03,14:47,590.85
CE 10800,2018/08/03,14:55,592.0
CE 10800,2018/08/03,14:56,589.5
CE 10800,2018/08/03,15:00,600.0
CE 10800,2018/08/03,15:03,602.3
CE 10800,2018/08/03,15:04,601.15
CE 10800,2018/08/03,15:07,604.15
CE 10800,2018/08/03,15:08,609.9
CE 10800,2018/08/03,15:10,606.0
CE 10800,2018/08/03,15:12,597.05
CE 10800,2018/08/03,15:14,597.05
CE 10800,2018/08/03,15:15,598.55
CE 10800,2018/08/03,15:16,598.6
CE 10800,2018/08/03,15:17,601.7
CE 10800,2018/08/03,15:19,602.0
CE 10800,2018/08/03,15:20,599.55
CE 10800,2018/08/03,15:21,602.2
CE 10800,2018/08/03,15:22,605.0
CE 10800,2018/08/03,15:23,609.0
CE 10800,2018/08/03,15:24,607.1
CE 10800,2018/08/03,15:25,605.15
CE 10800,2018/08/03,15:26,606.95
CE 10800,2018/08/03,15:27,604.0
CE 10800,2018/08/03,15:28,605.0
CE 10800,2018/08/03,15:29,606.0
CE 10800,2018/08/03,15:30,606.0
CE 10800,2018/08/06,09:15,640.95
CE 10800,2018/08/06,09:16,640.65
CE 10800,2018/08/06,09:17,639.0
CE 10800,2018/08/06,09:18,640.0
CE 10800,2018/08/06,09:24,645.0
CE 10800,2018/08/06,09:25,645.0
CE 10800,2018/08/06,09:29,649.4
CE 10800,2018/08/06,09:30,647.2
CE 10800,2018/08/06,09:31,646.0
CE 10800,2018/08/06,09:32,649.0
CE 10800,2018/08/06,09:33,645.3
CE 10800,2018/08/06,09:35,647.0
CE 10800,2018/08/06,09:36,647.5
CE 10800,2018/08/06,09:37,648.1
CE 10800,2018/08/06,09:42,643.45
CE 10800,2018/08/06,09:46,638.0
CE 10800,2018/08/06,09:47,633.0
CE 10800,2018/08/06,09:49,631.05
CE 10800,2018/08/06,09:53,630.0
CE 10800,2018/08/06,09:54,626.0
CE 10800,2018/08/06,09:55,622.0
CE 10800,2018/08/06,09:56,620.0
CE 10800,2018/08/06,09:57,616.9
CE 10800,2018/08/06,09:58,619.4
CE 10800,2018/08/06,10:01,625.0
CE 10800,2018/08/06,10:02,624.0
CE 10800,2018/08/06,10:04,621.4
CE 10800,2018/08/06,10:05,620.35
CE 10800,2018/08/06,10:06,617.35
CE 10800,2018/08/06,10:09,612.9
CE 10800,2018/08/06,10:14,615.1
CE 10800,2018/08/06,10:15,609.55
CE 10800,2018/08/06,10:17,607.55
CE 10800,2018/08/06,10:19,618.6
CE 10800,2018/08/06,10:24,620.0
CE 10800,2018/08/06,10:27,620.0
CE 10800,2018/08/06,10:28,620.0
CE 10800,2018/08/06,10:40,627.9
CE 10800,2018/08/06,10:47,622.7
CE 10800,2018/08/06,11:01,635.0
CE 10800,2018/08/06,11:10,635.0
CE 10800,2018/08/06,11:16,632.75
CE 10800,2018/08/06,11:19,627.65
CE 10800,2018/08/06,11:22,632.85
CE 10800,2018/08/06,11:34,634.45
CE 10800,2018/08/06,11:35,632.15
CE 10800,2018/08/06,11:36,632.85
CE 10800,2018/08/06,11:39,629.0
CE 10800,2018/08/06,11:40,629.0
CE 10800,2018/08/06,12:03,628.0
CE 10800,2018/08/06,12:09,628.0
CE 10800,2018/08/06,12:11,629.0
CE 10800,2018/08/06,12:12,627.05
CE 10800,2018/08/06,12:18,622.15
CE 10800,2018/08/06,12:20,621.9
CE 10800,2018/08/06,12:55,615.0
CE 10800,2018/08/06,12:56,616.4
CE 10800,2018/08/06,13:01,615.0
CE 10800,2018/08/06,13:08,621.35
CE 10800,2018/08/06,13:20,627.55
CE 10800,2018/08/06,14:17,620.0
CE 10800,2018/08/06,14:24,625.75
CE 10800,2018/08/06,14:35,610.0
CE 10800,2018/08/06,14:36,608.35
CE 10800,2018/08/06,14:50,606.5
CE 10800,2018/08/06,14:51,600.0
CE 10800,2018/08/06,14:56,606.85
CE 10800,2018/08/06,15:24,622.65
CE 10800,2018/08/06,15:25,620.55
CE 10800,2018/08/06,15:26,619.0
CE 10800,2018/08/06,15:28,625.45
CE 10800,2018/08/06,15:29,621.95
CE 10800,2018/08/06,15:30,621.95
CE 10800,2018/08/07,09:16,636.0
CE 10800,2018/08/07,09:23,625.0
CE 10800,2018/08/07,09:31,618.0
CE 10800,2018/08/07,09:36,619.3
CE 10800,2018/08/07,09:37,620.0
CE 10800,2018/08/07,09:38,621.6
CE 10800,2018/08/07,10:01,621.1
CE 10800,2018/08/07,10:02,624.7
CE 10800,2018/08/07,10:05,628.0
CE 10800,2018/08/07,10:08,626.55
CE 10800,2018/08/07,10:09,626.0
CE 10800,2018/08/07,10:10,626.0
CE 10800,2018/08/07,10:11,626.0
CE 10800,2018/08/07,10:12,626.0
CE 10800,2018/08/07,10:13,626.0
CE 10800,2018/08/07,10:18,628.9
CE 10800,2018/08/07,10:27,612.1
CE 10800,2018/08/07,10:32,611.55
CE 10800,2018/08/07,10:35,616.35
CE 10800,2018/08/07,10:36,616.15
CE 10800,2018/08/07,10:40,612.45
CE 10800,2018/08/07,10:42,606.5
CE 10800,2018/08/07,10:45,605.0
CE 10800,2018/08/07,10:46,604.85
CE 10800,2018/08/07,10:51,609.3
CE 10800,2018/08/07,10:59,607.0
CE 10800,2018/08/07,11:07,605.0
CE 10800,2018/08/07,11:09,600.0
CE 10800,2018/08/07,11:14,598.0
CE 10800,2018/08/07,11:15,598.0
CE 10800,2018/08/07,11:16,591.0
CE 10800,2018/08/07,11:17,590.0
CE 10800,2018/08/07,11:24,592.0
CE 10800,2018/08/07,11:26,590.9
CE 10800,2018/08/07,11:28,592.0
CE 10800,2018/08/07,11:31,599.0
CE 10800,2018/08/07,11:35,603.2
CE 10800,2018/08/07,11:36,602.75
CE 10800,2018/08/07,11:39,600.0
CE 10800,2018/08/07,11:57,608.0
CE 10800,2018/08/07,12:15,620.0
CE 10800,2018/08/07,12:55,622.0
CE 10800,2018/08/07,12:56,623.0
CE 10800,2018/08/07,13:07,630.45
CE 10800,2018/08/07,13:09,630.0
CE 10800,2018/08/07,13:12,630.0
CE 10800,2018/08/07,13:16,619.9
CE 10800,2018/08/07,13:29,634.25
CE 10800,2018/08/07,13:38,625.0
CE 10800,2018/08/07,13:41,628.0
CE 10800,2018/08/07,13:54,618.0
CE 10800,2018/08/07,14:02,618.25
CE 10800,2018/08/07,14:03,624.2
CE 10800,2018/08/07,14:04,625.15
CE 10800,2018/08/07,14:05,627.0
CE 10800,2018/08/07,14:08,627.0
CE 10800,2018/08/07,14:11,630.0
CE 10800,2018/08/07,14:19,630.0
CE 10800,2018/08/07,14:35,624.0
CE 10800,2018/08/07,14:40,629.1
CE 10800,2018/08/07,14:49,620.0
CE 10800,2018/08/07,15:00,624.0
CE 10800,2018/08/07,15:04,624.0
CE 10800,2018/08/07,15:05,622.0
CE 10800,2018/08/07,15:10,618.1
CE 10800,2018/08/07,15:13,618.1
CE 10800,2018/08/07,15:18,620.0
CE 10800,2018/08/07,15:23,627.0
CE 10800,2018/08/07,15:27,623.0
CE 10800,2018/08/07,15:29,630.0
CE 10800,2018/08/07,15:30,630.0
CE 10800,2018/08/08,09:15,628.0
CE 10800,2018/08/08,09:16,624.0
CE 10800,2018/08/08,09:17,625.7
CE 10800,2018/08/08,09:22,616.9
CE 10800,2018/08/08,09:23,622.0
CE 10800,2018/08/08,09:26,621.1
CE 10800,2018/08/08,09:28,617.5
CE 10800,2018/08/08,09:30,616.1
CE 10800,2018/08/08,09:31,615.0
CE 10800,2018/08/08,09:32,615.0
CE 10800,2018/08/08,09:33,610.15
CE 10800,2018/08/08,09:35,612.8
CE 10800,2018/08/08,09:36,610.1
CE 10800,2018/08/08,09:38,608.0
CE 10800,2018/08/08,09:39,607.5
CE 10800,2018/08/08,09:40,609.75
CE 10800,2018/08/08,09:42,615.0
CE 10800,2018/08/08,09:47,614.65
CE 10800,2018/08/08,09:53,617.35
CE 10800,2018/08/08,10:09,616.1
CE 10800,2018/08/08,10:13,623.3
CE 10800,2018/08/08,10:16,620.0
CE 10800,2018/08/08,10:17,624.6
CE 10800,2018/08/08,10:31,620.85
CE 10800,2018/08/08,10:42,635.25
CE 10800,2018/08/08,10:43,642.25
CE 10800,2018/08/08,10:47,638.0
CE 10800,2018/08/08,10:48,640.0
CE 10800,2018/08/08,10:49,645.0
CE 10800,2018/08/08,10:51,647.5
CE 10800,2018/08/08,10:52,646.1
CE 10800,2018/08/08,10:55,655.55
CE 10800,2018/08/08,10:56,654.0
CE 10800,2018/08/08,11:01,660.0
CE 10800,2018/08/08,11:18,657.85
CE 10800,2018/08/08,11:20,662.0
CE 10800,2018/08/08,11:23,655.55
CE 10800,2018/08/08,11:40,651.2
CE 10800,2018/08/08,11:58,654.7
CE 10800,2018/08/08,12:02,659.0
CE 10800,2018/08/08,12:08,666.45
CE 10800,2018/08/08,12:14,661.95
CE 10800,2018/08/08,12:19,663.0
CE 10800,2018/08/08,12:23,662.6
CE 10800,2018/08/08,12:31,662.5
CE 10800,2018/08/08,12:32,660.55
CE 10800,2018/08/08,12:34,662.0
CE 10800,2018/08/08,12:36,662.3
CE 10800,2018/08/08,12:37,662.15
CE 10800,2018/08/08,12:40,666.0
CE 10800,2018/08/08,12:44,661.0
CE 10800,2018/08/08,12:59,665.0
CE 10800,2018/08/08,13:07,663.0
CE 10800,2018/08/08,13:18,670.0
CE 10800,2018/08/08,13:20,676.4
CE 10800,2018/08/08,13:22,673.0
CE 10800,2018/08/08,13:24,673.0
CE 10800,2018/08/08,13:26,674.0
CE 10800,2018/08/08,13:31,673.85
CE 10800,2018/08/08,13:34,673.0
CE 10800,2018/08/08,13:36,675.0
CE 10800,2018/08/08,13:38,675.0
CE 10800,2018/08/08,13:41,674.0
CE 10800,2018/08/08,13:42,672.0
CE 10800,2018/08/08,13:44,671.0
CE 10800,2018/08/08,13:50,665.0
CE 10800,2018/08/08,13:51,665.0
CE 10800,2018/08/08,13:53,657.0
CE 10800,2018/08/08,13:59,663.4
CE 10800,2018/08/08,14:02,663.0
CE 10800,2018/08/08,14:05,658.0
CE 10800,2018/08/08,14:18,659.75
CE 10800,2018/08/08,14:19,655.0
CE 10800,2018/08/08,14:23,648.0
CE 10800,2018/08/08,14:25,652.0
CE 10800,2018/08/08,14:27,652.05
CE 10800,2018/08/08,14:33,657.0
CE 10800,2018/08/08,14:35,647.8
CE 10800,2018/08/08,14:36,643.9
CE 10800,2018/08/08,14:40,640.0
CE 10800,2018/08/08,14:51,648.2
CE 10800,2018/08/08,14:52,643.0
CE 10800,2018/08/08,14:54,649.0
CE 10800,2018/08/08,15:08,665.0
CE 10800,2018/08/08,15:11,669.0
CE 10800,2018/08/08,15:12,670.0
CE 10800,2018/08/08,15:16,665.65
CE 10800,2018/08/08,15:17,666.35
CE 10800,2018/08/08,15:19,669.4
CE 10800,2018/08/08,15:21,676.65
CE 10800,2018/08/08,15:25,675.0
CE 10800,2018/08/08,15:26,675.0
CE 10800,2018/08/08,15:28,675.0
CE 10800,2018/08/08,15:30,675.0
CE 10800,2018/08/09,09:15,690.0
CE 10800,2018/08/09,09:18,681.8
CE 10800,2018/08/09,09:19,685.0
CE 10800,2018/08/09,09:20,685.5
CE 10800,2018/08/09,09:25,682.1
CE 10800,2018/08/09,09:32,682.0
CE 10800,2018/08/09,09:33,680.0
CE 10800,2018/08/09,09:34,681.25
CE 10800,2018/08/09,09:38,687.6
CE 10800,2018/08/09,09:40,684.0
CE 10800,2018/08/09,09:42,686.5
CE 10800,2018/08/09,09:47,680.0
CE 10800,2018/08/09,09:49,681.05
CE 10800,2018/08/09,09:52,680.95
CE 10800,2018/08/09,09:53,680.95
CE 10800,2018/08/09,09:54,681.9
CE 10800,2018/08/09,09:56,685.0
CE 10800,2018/08/09,10:04,687.0
CE 10800,2018/08/09,10:08,690.75
CE 10800,2018/08/09,10:10,695.7
CE 10800,2018/08/09,10:14,688.0
CE 10800,2018/08/09,10:16,685.75
CE 10800,2018/08/09,10:17,686.0
CE 10800,2018/08/09,10:19,690.0
CE 10800,2018/08/09,10:28,685.6
CE 10800,2018/08/09,10:30,684.0
CE 10800,2018/08/09,10:41,691.0
CE 10800,2018/08/09,10:42,690.9
CE 10800,2018/08/09,10:44,687.85
CE 10800,2018/08/09,10:46,691.0
CE 10800,2018/08/09,10:54,686.0
CE 10800,2018/08/09,10:55,686.65
CE 10800,2018/08/09,10:58,680.35
CE 10800,2018/08/09,11:00,675.95
CE 10800,2018/08/09,11:01,674.0
CE 10800,2018/08/09,11:02,674.5
CE 10800,2018/08/09,11:03,674.5
CE 10800,2018/08/09,11:04,670.2
CE 10800,2018/08/09,11:05,671.45
CE 10800,2018/08/09,11:06,672.6
CE 10800,2018/08/09,11:07,678.5
CE 10800,2018/08/09,11:18,677.0
CE 10800,2018/08/09,11:19,674.25
CE 10800,2018/08/09,11:20,671.4
CE 10800,2018/08/09,11:21,673.3
CE 10800,2018/08/09,11:31,681.55
CE 10800,2018/08/09,11:35,682.0
CE 10800,2018/08/09,11:52,686.15
CE 10800,2018/08/09,12:07,689.9
CE 10800,2018/08/09,12:08,690.0
CE 10800,2018/08/09,12:15,695.0
CE 10800,2018/08/09,12:18,692.5
CE 10800,2018/08/09,12:20,689.05
CE 10800,2018/08/09,12:22,684.0
CE 10800,2018/08/09,12:23,685.0
CE 10800,2018/08/09,12:25,686.0
CE 10800,2018/08/09,12:26,686.0
CE 10800,2018/08/09,12:27,685.0
CE 10800,2018/08/09,12:28,685.55
CE 10800,2018/08/09,12:31,683.0
CE 10800,2018/08/09,12:32,684.5
CE 10800,2018/08/09,12:33,684.5
CE 10800,2018/08/09,12:34,683.5
CE 10800,2018/08/09,12:35,684.7
CE 10800,2018/08/09,12:38,684.5
CE 10800,2018/08/09,12:39,682.5
CE 10800,2018/08/09,12:47,678.0
CE 10800,2018/08/09,12:50,680.0
CE 10800,2018/08/09,12:58,680.5
CE 10800,2018/08/09,12:59,681.65
CE 10800,2018/08/09,13:04,686.0
CE 10800,2018/08/09,13:08,683.1
CE 10800,2018/08/09,13:22,692.0
CE 10800,2018/08/09,13:35,687.0
CE 10800,2018/08/09,13:36,690.0
CE 10800,2018/08/09,13:40,689.4
CE 10800,2018/08/09,13:41,687.5
CE 10800,2018/08/09,13:42,690.75
CE 10800,2018/08/09,13:44,692.0
CE 10800,2018/08/09,13:45,692.0
CE 10800,2018/08/09,13:51,689.0
CE 10800,2018/08/09,13:52,690.0
CE 10800,2018/08/09,14:03,685.0
CE 10800,2018/08/09,14:08,685.0
CE 10800,2018/08/09,14:14,692.0
CE 10800,2018/08/09,14:15,700.0
CE 10800,2018/08/09,14:18,693.0
CE 10800,2018/08/09,14:19,699.0
CE 10800,2018/08/09,14:24,695.0
CE 10800,2018/08/09,14:25,695.0
CE 10800,2018/08/09,14:27,693.2
CE 10800,2018/08/09,14:55,689.7
CE 10800,2018/08/09,14:59,690.0
CE 10800,2018/08/09,15:05,685.0
CE 10800,2018/08/09,15:07,685.35
CE 10800,2018/08/09,15:10,688.0
CE 10800,2018/08/09,15:18,691.0
CE 10800,2018/08/09,15:22,688.0
CE 10800,2018/08/09,15:26,686.0
CE 10800,2018/08/09,15:28,685.9
CE 10800,2018/08/09,15:29,686.0
CE 10800,2018/08/09,15:30,686.0
CE 10800,2018/08/10,09:15,673.4
CE 10800,2018/08/10,09:16,674.35
CE 10800,2018/08/10,09:17,672.9
CE 10800,2018/08/10,09:18,675.2
CE 10800,2018/08/10,09:19,674.85
CE 10800,2018/08/10,09:21,677.9
CE 10800,2018/08/10,09:31,665.0
CE 10800,2018/08/10,09:33,664.1
CE 10800,2018/08/10,09:36,665.0
CE 10800,2018/08/10,09:39,665.55
CE 10800,2018/08/10,09:40,663.3
CE 10800,2018/08/10,09:42,665.7
CE 10800,2018/08/10,09:44,665.6
CE 10800,2018/08/10,09:45,671.0
CE 10800,2018/08/10,09:49,667.0
CE 10800,2018/08/10,09:50,669.0
CE 10800,2018/08/10,09:54,661.95
CE 10800,2018/08/10,09:55,659.35
CE 10800,2018/08/10,10:01,659.3
CE 10800,2018/08/10,10:03,659.3
CE 10800,2018/08/10,10:05,657.7
CE 10800,2018/08/10,10:06,656.2
CE 10800,2018/08/10,10:07,656.95
CE 10800,2018/08/10,10:09,657.75
CE 10800,2018/08/10,10:10,656.0
CE 10800,2018/08/10,10:11,650.1
CE 10800,2018/08/10,10:12,652.4
CE 10800,2018/08/10,10:14,652.9
CE 10800,2018/08/10,10:15,652.0
CE 10800,2018/08/10,10:22,660.45
CE 10800,2018/08/10,10:23,661.9
CE 10800,2018/08/10,10:24,661.9
CE 10800,2018/08/10,10:26,659.0
CE 10800,2018/08/10,10:27,658.1
CE 10800,2018/08/10,10:30,661.0
CE 10800,2018/08/10,10:31,665.65
CE 10800,2018/08/10,10:37,658.9
CE 10800,2018/08/10,10:45,652.0
CE 10800,2018/08/10,11:02,652.0
CE 10800,2018/08/10,11:09,648.05
CE 10800,2018/08/10,11:11,649.0
CE 10800,2018/08/10,11:13,641.1
CE 10800,2018/08/10,11:14,648.0
CE 10800,2018/08/10,11:35,651.0
CE 10800,2018/08/10,11:40,648.0
CE 10800,2018/08/10,12:01,652.0
CE 10800,2018/08/10,12:04,650.4
CE 10800,2018/08/10,12:10,649.55
CE 10800,2018/08/10,12:21,653.0
CE 10800,2018/08/10,12:25,654.0
CE 10800,2018/08/10,12:46,655.9
CE 10800,2018/08/10,13:04,658.1
CE 10800,2018/08/10,13:05,662.0
CE 10800,2018/08/10,13:13,658.6
CE 10800,2018/08/10,13:14,661.45
CE 10800,2018/08/10,13:36,665.55
CE 10800,2018/08/10,13:54,658.0
CE 10800,2018/08/10,14:00,658.0
CE 10800,2018/08/10,14:02,655.0
CE 10800,2018/08/10,14:21,660.0
CE 10800,2018/08/10,14:26,655.0
CE 10800,2018/08/10,14:30,650.0
CE 10800,2018/08/10,14:34,653.0
CE 10800,2018/08/10,14:37,648.0
CE 10800,2018/08/10,14:38,646.0
CE 10800,2018/08/10,14:39,643.15
CE 10800,2018/08/10,14:47,652.0
CE 10800,2018/08/10,14:51,643.0
CE 10800,2018/08/10,14:52,643.0
CE 10800,2018/08/10,14:54,644.0
CE 10800,2018/08/10,14:55,644.0
CE 10800,2018/08/10,14:56,641.0
CE 10800,2018/08/10,15:00,641.0
CE 10800,2018/08/10,15:01,647.0
CE 10800,2018/08/10,15:06,645.0
CE 10800,2018/08/10,15:11,646.0
CE 10800,2018/08/10,15:16,644.0
CE 10800,2018/08/10,15:19,643.0
CE 10800,2018/08/10,15:20,641.0
CE 10800,2018/08/10,15:25,637.0
CE 10800,2018/08/10,15:26,636.0
CE 10800,2018/08/10,15:27,634.0
CE 10800,2018/08/10,15:28,633.8
CE 10800,2018/08/10,15:29,633.85
CE 10800,2018/08/10,15:30,633.85
CE 10800,2018/08/13,09:15,575.7
CE 10800,2018/08/13,09:16,575.0
CE 10800,2018/08/13,09:17,575.0
CE 10800,2018/08/13,09:18,570.0
CE 10800,2018/08/13,09:19,582.65
CE 10800,2018/08/13,09:21,581.6
CE 10800,2018/08/13,09:22,581.7
CE 10800,2018/08/13,09:24,579.85
CE 10800,2018/08/13,09:27,580.0
CE 10800,2018/08/13,09:28,576.0
CE 10800,2018/08/13,09:29,575.0
CE 10800,2018/08/13,09:30,565.4
CE 10800,2018/08/13,09:31,564.2
CE 10800,2018/08/13,09:34,565.4
CE 10800,2018/08/13,09:35,570.65
CE 10800,2018/08/13,09:36,571.3
CE 10800,2018/08/13,09:37,565.0
CE 10800,2018/08/13,09:38,570.95
CE 10800,2018/08/13,09:41,568.0
CE 10800,2018/08/13,09:43,570.0
CE 10800,2018/08/13,09:45,565.0
CE 10800,2018/08/13,09:46,566.0
CE 10800,2018/08/13,09:55,570.0
CE 10800,2018/08/13,09:56,566.85
CE 10800,2018/08/13,09:59,565.0
CE 10800,2018/08/13,10:00,567.0
CE 10800,2018/08/13,10:01,570.0
CE 10800,2018/08/13,10:18,577.25
CE 10800,2018/08/13,10:39,582.0
CE 10800,2018/08/13,10:52,585.0
CE 10800,2018/08/13,10:53,595.15
CE 10800,2018/08/13,11:12,580.1
CE 10800,2018/08/13,11:13,582.0
CE 10800,2018/08/13,11:15,581.0
CE 10800,2018/08/13,11:20,582.0
CE 10800,2018/08/13,11:23,579.0
CE 10800,2018/08/13,11:25,579.55
CE 10800,2018/08/13,11:38,583.0
CE 10800,2018/08/13,11:39,585.95
CE 10800,2018/08/13,11:40,582.0
CE 10800,2018/08/13,11:41,581.85
CE 10800,2018/08/13,11:42,580.85
CE 10800,2018/08/13,11:45,582.0
CE 10800,2018/08/13,11:51,580.0
CE 10800,2018/08/13,11:55,580.0
CE 10800,2018/08/13,11:56,580.0
CE 10800,2018/08/13,12:01,585.6
CE 10800,2018/08/13,12:02,588.6
CE 10800,2018/08/13,12:06,595.05
CE 10800,2018/08/13,12:07,599.35
CE 10800,2018/08/13,12:09,612.9
CE 10800,2018/08/13,12:11,621.3
CE 10800,2018/08/13,12:13,615.0
CE 10800,2018/08/13,12:14,610.65
CE 10800,2018/08/13,12:20,612.0
CE 10800,2018/08/13,12:27,600.5
CE 10800,2018/08/13,12:30,608.2
CE 10800,2018/08/13,12:31,607.9
CE 10800,2018/08/13,12:33,609.4
CE 10800,2018/08/13,12:36,609.65
CE 10800,2018/08/13,12:38,604.0
CE 10800,2018/08/13,13:33,620.55
CE 10800,2018/08/13,13:43,626.4
CE 10800,2018/08/13,13:46,620.0
CE 10800,2018/08/13,13:52,617.0
CE 10800,2018/08/13,13:56,616.0
CE 10800,2018/08/13,13:57,615.75
CE 10800,2018/08/13,14:09,609.0
CE 10800,2018/08/13,14:12,607.2
CE 10800,2018/08/13,14:26,601.0
CE 10800,2018/08/13,14:47,585.0
CE 10800,2018/08/13,14:48,585.0
CE 10800,2018/08/13,14:50,586.0
CE 10800,2018/08/13,14:51,587.0
CE 10800,2018/08/13,14:52,583.0
CE 10800,2018/08/13,14:53,583.85
CE 10800,2018/08/13,14:58,581.0
CE 10800,2018/08/13,14:59,582.0
CE 10800,2018/08/13,15:11,585.4
CE 10800,2018/08/13,15:14,579.5
CE 10800,2018/08/13,15:16,583.0
CE 10800,2018/08/13,15:22,586.0
CE 10800,2018/08/13,15:23,586.0
CE 10800,2018/08/13,15:24,588.0
CE 10800,2018/08/13,15:25,584.5
CE 10800,2018/08/13,15:26,587.0
CE 10800,2018/08/13,15:27,587.0
CE 10800,2018/08/13,15:28,586.55
CE 10800,2018/08/13,15:29,588.0
CE 10800,2018/08/13,15:30,588.0
CE 10800,2018/08/14,09:16,602.9
CE 10800,2018/08/14,09:17,597.35
CE 10800,2018/08/14,09:19,607.0
CE 10800,2018/08/14,09:20,608.55
CE 10800,2018/08/14,09:38,615.0
CE 10800,2018/08/14,09:41,618.0
CE 10800,2018/08/14,09:57,615.0
CE 10800,2018/08/14,10:01,620.1
CE 10800,2018/08/14,10:12,630.0
CE 10800,2018/08/14,10:17,633.0
CE 10800,2018/08/14,10:31,629.0
CE 10800,2018/08/14,10:34,629.0
CE 10800,2018/08/14,10:35,625.0
CE 10800,2018/08/14,10:52,612.35
CE 10800,2018/08/14,11:03,618.0
CE 10800,2018/08/14,11:21,621.3
CE 10800,2018/08/14,12:19,640.0
CE 10800,2018/08/14,12:24,642.0
CE 10800,2018/08/14,12:25,642.0
CE 10800,2018/08/14,12:26,642.05
CE 10800,2018/08/14,12:27,643.0
CE 10800,2018/08/14,12:29,641.95
CE 10800,2018/08/14,12:33,647.0
CE 10800,2018/08/14,12:36,650.0
CE 10800,2018/08/14,12:43,655.0
CE 10800,2018/08/14,12:46,653.0
CE 10800,2018/08/14,12:56,646.15
CE 10800,2018/08/14,13:01,652.8
CE 10800,2018/08/14,13:04,655.2
CE 10800,2018/08/14,13:07,651.75
CE 10800,2018/08/14,13:15,655.0
CE 10800,2018/08/14,13:30,663.65
CE 10800,2018/08/14,13:33,667.7
CE 10800,2018/08/14,13:50,662.3
CE 10800,2018/08/14,13:57,665.65
CE 10800,2018/08/14,14:00,667.0
CE 10800,2018/08/14,14:02,665.0
CE 10800,2018/08/14,14:03,664.5
CE 10800,2018/08/14,14:06,659.5
CE 10800,2018/08/14,14:23,670.0
CE 10800,2018/08/14,14:24,671.0
CE 10800,2018/08/14,14:32,656.75
CE 10800,2018/08/14,14:39,669.2
CE 10800,2018/08/14,14:44,660.0
CE 10800,2018/08/14,14:58,661.0
CE 10800,2018/08/14,15:01,659.75
CE 10800,2018/08/14,15:07,658.65
CE 10800,2018/08/14,15:08,661.0
CE 10800,2018/08/14,15:11,665.8
CE 10800,2018/08/14,15:12,665.25
CE 10800,2018/08/14,15:19,661.0
CE 10800,2018/08/14,15:20,663.0
CE 10800,2018/08/14,15:21,663.0
CE 10800,2018/08/14,15:22,661.0
CE 10800,2018/08/14,15:23,658.5
CE 10800,2018/08/14,15:24,657.0
CE 10800,2018/08/14,15:25,658.5
CE 10800,2018/08/14,15:27,657.0
CE 10800,2018/08/14,15:28,655.0
CE 10800,2018/08/14,15:29,656.0
CE 10800,2018/08/14,15:30,656.0
CE 10800,2018/08/16,09:15,606.65
CE 10800,2018/08/16,09:16,616.0
CE 10800,2018/08/16,09:21,625.0
CE 10800,2018/08/16,09:22,632.15
CE 10800,2018/08/16,09:23,629.95
CE 10800,2018/08/16,09:24,625.0
CE 10800,2018/08/16,09:27,624.0
CE 10800,2018/08/16,09:28,623.05
CE 10800,2018/08/16,09:30,620.0
CE 10800,2018/08/16,09:33,615.0
CE 10800,2018/08/16,09:34,610.0
CE 10800,2018/08/16,09:36,613.0
CE 10800,2018/08/16,09:45,628.0
CE 10800,2018/08/16,09:46,635.0
CE 10800,2018/08/16,09:55,629.1
CE 10800,2018/08/16,09:56,631.55
CE 10800,2018/08/16,10:11,638.4
CE 10800,2018/08/16,10:16,645.0
CE 10800,2018/08/16,10:18,646.3
CE 10800,2018/08/16,10:30,644.3
CE 10800,2018/08/16,10:31,638.45
CE 10800,2018/08/16,10:34,646.0
CE 10800,2018/08/16,10:36,646.15
CE 10800,2018/08/16,10:57,639.0
CE 10800,2018/08/16,11:01,644.0
CE 10800,2018/08/16,11:11,657.05
CE 10800,2018/08/16,11:24,647.0
CE 10800,2018/08/16,11:42,648.0
CE 10800,2018/08/16,11:56,643.15
CE 10800,2018/08/16,12:25,642.05
CE 10800,2018/08/16,13:07,629.0
CE 10800,2018/08/16,13:27,620.0
CE 10800,2018/08/16,13:38,615.0
CE 10800,2018/08/16,13:39,610.0
CE 10800,2018/08/16,13:40,607.15
CE 10800,2018/08/16,13:43,614.3
CE 10800,2018/08/16,14:06,625.0
CE 10800,2018/08/16,14:27,616.35
CE 10800,2018/08/16,14:33,609.0
CE 10800,2018/08/16,14:37,610.0
CE 10800,2018/08/16,14:40,604.0
CE 10800,2018/08/16,14:42,591.0
CE 10800,2018/08/16,14:45,588.55
CE 10800,2018/08/16,14:46,579.2
CE 10800,2018/08/16,14:49,590.05
CE 10800,2018/08/16,14:56,605.0
CE 10800,2018/08/16,15:04,611.0
CE 10800,2018/08/16,15:22,608.0
CE 10800,2018/08/16,15:23,612.0
CE 10800,2018/08/16,15:24,613.6
CE 10800,2018/08/16,15:27,615.0
CE 10800,2018/08/16,15:29,617.0
CE 10800,2018/08/16,15:30,617.0
CE 10800,2018/08/17,09:17,647.0
CE 10800,2018/08/17,09:18,647.0
CE 10800,2018/08/17,09:19,653.35
CE 10800,2018/08/17,09:21,652.4
CE 10800,2018/08/17,09:25,648.3
CE 10800,2018/08/17,09:26,649.1
CE 10800,2018/08/17,09:28,648.35
CE 10800,2018/08/17,09:33,657.1
CE 10800,2018/08/17,09:34,668.3
CE 10800,2018/08/17,09:39,668.0
CE 10800,2018/08/17,09:47,665.0
CE 10800,2018/08/17,09:48,660.0
CE 10800,2018/08/17,09:49,660.0
CE 10800,2018/08/17,09:50,658.0
CE 10800,2018/08/17,10:02,667.0
CE 10800,2018/08/17,10:04,665.0
CE 10800,2018/08/17,10:05,665.0
CE 10800,2018/08/17,10:06,664.0
CE 10800,2018/08/17,10:07,661.0
CE 10800,2018/08/17,10:16,673.4
CE 10800,2018/08/17,10:17,677.95
CE 10800,2018/08/17,10:18,678.0
CE 10800,2018/08/17,10:19,673.05
CE 10800,2018/08/17,10:30,670.0
CE 10800,2018/08/17,10:32,668.0
CE 10800,2018/08/17,10:33,670.0
CE 10800,2018/08/17,10:36,674.0
CE 10800,2018/08/17,10:37,681.65
CE 10800,2018/08/17,10:43,679.2
CE 10800,2018/08/17,10:45,678.25
CE 10800,2018/08/17,10:48,680.0
CE 10800,2018/08/17,10:50,685.15
CE 10800,2018/08/17,10:51,682.6
CE 10800,2018/08/17,11:01,685.15
CE 10800,2018/08/17,11:16,685.0
CE 10800,2018/08/17,11:20,679.25
CE 10800,2018/08/17,11:21,681.2
CE 10800,2018/08/17,11:22,681.1
CE 10800,2018/08/17,11:23,680.9
CE 10800,2018/08/17,11:29,680.2
CE 10800,2018/08/17,11:39,684.6
CE 10800,2018/08/17,11:42,686.0
CE 10800,2018/08/17,12:04,684.0
CE 10800,2018/08/17,12:08,685.75
CE 10800,2018/08/17,12:22,684.55
CE 10800,2018/08/17,12:26,687.6
CE 10800,2018/08/17,12:37,679.5
CE 10800,2018/08/17,12:38,678.95
CE 10800,2018/08/17,12:46,677.6
CE 10800,2018/08/17,12:52,680.0
CE 10800,2018/08/17,12:53,680.0
CE 10800,2018/08/17,13:02,682.0
CE 10800,2018/08/17,13:06,682.0
CE 10800,2018/08/17,13:07,681.55
CE 10800,2018/08/17,13:08,678.45
CE 10800,2018/08/17,13:14,678.0
CE 10800,2018/08/17,13:27,675.0
CE 10800,2018/08/17,13:28,672.4
CE 10800,2018/08/17,13:31,673.95
CE 10800,2018/08/17,13:40,680.0
CE 10800,2018/08/17,13:44,683.85
CE 10800,2018/08/17,13:47,680.55
CE 10800,2018/08/17,13:48,681.85
CE 10800,2018/08/17,13:52,675.2
CE 10800,2018/08/17,14:08,684.05
CE 10800,2018/08/17,14:10,687.55
CE 10800,2018/08/17,14:14,690.0
CE 10800,2018/08/17,14:15,690.55
CE 10800,2018/08/17,14:19,688.0
CE 10800,2018/08/17,14:22,686.0
CE 10800,2018/08/17,14:24,689.75
CE 10800,2018/08/17,14:33,695.0
CE 10800,2018/08/17,14:41,695.45
CE 10800,2018/08/17,14:42,699.0
CE 10800,2018/08/17,14:44,696.2
CE 10800,2018/08/17,14:45,697.0
CE 10800,2018/08/17,14:46,696.65
CE 10800,2018/08/17,14:51,688.15
CE 10800,2018/08/17,14:53,685.55
CE 10800,2018/08/17,15:20,682.75
CE 10800,2018/08/17,15:22,683.75
CE 10800,2018/08/17,15:25,685.3
CE 10800,2018/08/17,15:30,685.3
CE 10800,2018/08/20,09:15,722.1
CE 10800,2018/08/20,09:17,725.0
CE 10800,2018/08/20,09:21,743.15
CE 10800,2018/08/20,09:23,738.1
CE 10800,2018/08/20,09:25,738.3
CE 10800,2018/08/20,09:27,740.0
CE 10800,2018/08/20,09:28,740.0
CE 10800,2018/08/20,09:29,738.05
CE 10800,2018/08/20,09:31,739.4
CE 10800,2018/08/20,09:32,742.0
CE 10800,2018/08/20,09:33,743.55
CE 10800,2018/08/20,09:35,741.0
CE 10800,2018/08/20,09:40,745.0
CE 10800,2018/08/20,09:41,746.35
CE 10800,2018/08/20,09:44,749.0
CE 10800,2018/08/20,09:46,747.5
CE 10800,2018/08/20,09:47,747.0
CE 10800,2018/08/20,09:48,747.4
CE 10800,2018/08/20,09:51,752.0
CE 10800,2018/08/20,09:52,752.0
CE 10800,2018/08/20,09:54,750.0
CE 10800,2018/08/20,09:56,745.0
CE 10800,2018/08/20,09:59,747.85
CE 10800,2018/08/20,10:09,754.05
CE 10800,2018/08/20,10:11,755.0
CE 10800,2018/08/20,10:12,752.1
CE 10800,2018/08/20,10:15,754.75
CE 10800,2018/08/20,10:30,746.0
CE 10800,2018/08/20,10:31,744.0
CE 10800,2018/08/20,10:33,744.0
CE 10800,2018/08/20,10:34,745.5
CE 10800,2018/08/20,10:53,745.5
CE 10800,2018/08/20,10:56,745.5
CE 10800,2018/08/20,11:45,751.55
CE 10800,2018/08/20,11:47,752.0
CE 10800,2018/08/20,11:49,751.0
CE 10800,2018/08/20,11:51,749.0
CE 10800,2018/08/20,12:01,753.5
CE 10800,2018/08/20,12:04,755.0
CE 10800,2018/08/20,12:10,760.0
CE 10800,2018/08/20,12:11,761.55
CE 10800,2018/08/20,12:15,765.0
CE 10800,2018/08/20,12:17,765.0
CE 10800,2018/08/20,12:18,765.3
CE 10800,2018/08/20,12:24,768.3
CE 10800,2018/08/20,12:25,770.0
CE 10800,2018/08/20,12:26,768.5
CE 10800,2018/08/20,12:29,765.05
CE 10800,2018/08/20,12:31,770.4
CE 10800,2018/08/20,12:39,768.8
CE 10800,2018/08/20,12:40,768.0
CE 10800,2018/08/20,12:42,769.05
CE 10800,2018/08/20,12:47,771.05
CE 10800,2018/08/20,12:48,771.05
CE 10800,2018/08/20,12:55,770.9
CE 10800,2018/08/20,13:06,772.95
CE 10800,2018/08/20,13:09,771.7
CE 10800,2018/08/20,13:12,768.0
CE 10800,2018/08/20,13:13,766.7
CE 10800,2018/08/20,13:15,770.0
CE 10800,2018/08/20,13:21,771.85
CE 10800,2018/08/20,13:22,771.85
CE 10800,2018/08/20,13:26,766.65
CE 10800,2018/08/20,13:46,769.3
CE 10800,2018/08/20,13:53,769.45
CE 10800,2018/08/20,14:04,771.0
CE 10800,2018/08/20,14:06,773.0
CE 10800,2018/08/20,14:07,774.0
CE 10800,2018/08/20,14:08,775.85
CE 10800,2018/08/20,14:09,775.85
CE 10800,2018/08/20,14:10,777.5
CE 10800,2018/08/20,14:11,777.0
CE 10800,2018/08/20,14:19,770.0
CE 10800,2018/08/20,14:20,767.5
CE 10800,2018/08/20,14:22,763.5
CE 10800,2018/08/20,14:23,760.0
CE 10800,2018/08/20,14:25,765.9
CE 10800,2018/08/20,14:26,764.45
CE 10800,2018/08/20,14:27,767.85
CE 10800,2018/08/20,14:30,765.0
CE 10800,2018/08/20,14:32,767.0
CE 10800,2018/08/20,14:33,767.0
CE 10800,2018/08/20,14:36,768.5
CE 10800,2018/08/20,14:37,768.5
CE 10800,2018/08/20,14:39,771.0
CE 10800,2018/08/20,14:44,769.8
CE 10800,2018/08/20,14:59,770.2
CE 10800,2018/08/20,15:08,770.8
CE 10800,2018/08/20,15:09,770.0
CE 10800,2018/08/20,15:10,771.0
CE 10800,2018/08/20,15:16,770.35
CE 10800,2018/08/20,15:18,770.15
CE 10800,2018/08/20,15:25,777.0
CE 10800,2018/08/20,15:26,777.5
CE 10800,2018/08/20,15:27,776.0
CE 10800,2018/08/20,15:28,777.4
CE 10800,2018/08/20,15:29,777.35
CE 10800,2018/08/20,15:30,777.35
CE 10800,2018/08/21,09:15,779.75
CE 10800,2018/08/21,09:17,772.2
CE 10800,2018/08/21,09:20,777.0
CE 10800,2018/08/21,09:23,768.9
CE 10800,2018/08/21,09:28,767.05
CE 10800,2018/08/21,09:29,767.05
CE 10800,2018/08/21,09:33,760.2
CE 10800,2018/08/21,09:36,762.0
CE 10800,2018/08/21,09:44,759.05
CE 10800,2018/08/21,09:45,754.35
CE 10800,2018/08/21,09:47,754.95
CE 10800,2018/08/21,09:56,757.0
CE 10800,2018/08/21,09:57,757.0
CE 10800,2018/08/21,09:58,760.95
CE 10800,2018/08/21,10:36,770.2
CE 10800,2018/08/21,10:49,768.0
CE 10800,2018/08/21,10:56,765.55
CE 10800,2018/08/21,11:01,769.1
CE 10800,2018/08/21,11:03,767.15
CE 10800,2018/08/21,11:04,766.95
CE 10800,2018/08/21,11:13,760.95
CE 10800,2018/08/21,11:15,762.0
CE 10800,2018/08/21,11:17,762.0
CE 10800,2018/08/21,11:18,762.0
CE 10800,2018/08/21,11:28,767.1
CE 10800,2018/08/21,11:36,766.0
CE 10800,2018/08/21,11:38,763.0
CE 10800,2018/08/21,11:43,761.0
CE 10800,2018/08/21,11:46,755.55
CE 10800,2018/08/21,11:47,752.0
CE 10800,2018/08/21,11:48,754.0
CE 10800,2018/08/21,11:58,756.0
CE 10800,2018/08/21,12:26,760.95
CE 10800,2018/08/21,12:27,759.0
CE 10800,2018/08/21,13:19,775.0
CE 10800,2018/08/21,13:52,774.0
CE 10800,2018/08/21,13:53,772.3
CE 10800,2018/08/21,14:04,765.25
CE 10800,2018/08/21,14:05,765.5
CE 10800,2018/08/21,14:07,766.3
CE 10800,2018/08/21,14:12,773.2
CE 10800,2018/08/21,14:20,769.7
CE 10800,2018/08/21,14:41,784.55
CE 10800,2018/08/21,14:46,776.6
CE 10800,2018/08/21,14:56,782.0
CE 10800,2018/08/21,15:00,780.0
CE 10800,2018/08/21,15:08,777.0
CE 10800,2018/08/21,15:10,779.0
CE 10800,2018/08/21,15:20,781.95
CE 10800,2018/08/21,15:21,782.4
CE 10800,2018/08/21,15:24,783.0
CE 10800,2018/08/21,15:25,783.0
CE 10800,2018/08/21,15:27,785.0
CE 10800,2018/08/21,15:28,787.15
CE 10800,2018/08/21,15:30,787.15
CE 10800,2018/08/23,09:15,799.25
CE 10800,2018/08/23,09:16,795.0
CE 10800,2018/08/23,09:17,797.5
CE 10800,2018/08/23,09:18,800.85
CE 10800,2018/08/23,09:19,794.0
CE 10800,2018/08/23,09:20,794.0
CE 10800,2018/08/23,09:21,790.0
CE 10800,2018/08/23,09:22,783.2
CE 10800,2018/08/23,09:24,787.65
CE 10800,2018/08/23,09:25,786.9
CE 10800,2018/08/23,09:26,784.0
CE 10800,2018/08/23,09:28,785.0
CE 10800,2018/08/23,09:30,782.85
CE 10800,2018/08/23,09:31,781.95
CE 10800,2018/08/23,09:33,783.65
CE 10800,2018/08/23,09:34,785.0
CE 10800,2018/08/23,09:35,785.0
CE 10800,2018/08/23,09:36,789.25
CE 10800,2018/08/23,09:37,789.9
CE 10800,2018/08/23,09:43,789.85
CE 10800,2018/08/23,09:45,782.2
CE 10800,2018/08/23,09:47,781.0
CE 10800,2018/08/23,09:48,780.9
CE 10800,2018/08/23,09:51,777.7
CE 10800,2018/08/23,09:52,781.9
CE 10800,2018/08/23,09:53,781.15
CE 10800,2018/08/23,09:54,780.0
CE 10800,2018/08/23,09:55,777.0
CE 10800,2018/08/23,09:56,775.1
CE 10800,2018/08/23,09:57,774.0
CE 10800,2018/08/23,09:58,773.0
CE 10800,2018/08/23,09:59,775.25
CE 10800,2018/08/23,10:00,773.0
CE 10800,2018/08/23,10:01,773.0
CE 10800,2018/08/23,10:02,770.9
CE 10800,2018/08/23,10:05,770.0
CE 10800,2018/08/23,10:06,770.0
CE 10800,2018/08/23,10:07,768.0
CE 10800,2018/08/23,10:10,766.0
CE 10800,2018/08/23,10:11,763.8
CE 10800,2018/08/23,10:12,762.55
CE 10800,2018/08/23,10:14,761.5
CE 10800,2018/08/23,10:15,761.5
CE 10800,2018/08/23,10:17,752.45
CE 10800,2018/08/23,10:18,756.5
CE 10800,2018/08/23,10:23,766.0
CE 10800,2018/08/23,10:27,768.0
CE 10800,2018/08/23,10:28,762.85
CE 10800,2018/08/23,10:33,757.55
CE 10800,2018/08/23,10:36,757.0
CE 10800,2018/08/23,10:38,754.25
CE 10800,2018/08/23,10:43,756.0
CE 10800,2018/08/23,10:52,756.9
CE 10800,2018/08/23,10:56,762.4
CE 10800,2018/08/23,10:57,765.0
CE 10800,2018/08/23,10:59,763.5
CE 10800,2018/08/23,11:00,760.0
CE 10800,2018/08/23,11:01,760.0
CE 10800,2018/08/23,11:04,755.55
CE 10800,2018/08/23,11:05,757.0
CE 10800,2018/08/23,11:15,759.0
CE 10800,2018/08/23,11:16,759.0
CE 10800,2018/08/23,11:18,756.0
CE 10800,2018/08/23,11:24,761.9
CE 10800,2018/08/23,11:25,761.1
CE 10800,2018/08/23,11:27,760.0
CE 10800,2018/08/23,11:33,760.2
CE 10800,2018/08/23,11:42,767.15
CE 10800,2018/08/23,11:45,772.05
CE 10800,2018/08/23,11:59,780.0
CE 10800,2018/08/23,12:05,772.0
CE 10800,2018/08/23,12:20,775.0
CE 10800,2018/08/23,12:23,772.0
CE 10800,2018/08/23,12:29,775.0
CE 10800,2018/08/23,12:57,771.1
CE 10800,2018/08/23,12:59,768.9
CE 10800,2018/08/23,13:14,771.7
CE 10800,2018/08/23,13:43,773.0
CE 10800,2018/08/23,14:07,775.55
CE 10800,2018/08/23,14:13,784.65
CE 10800,2018/08/23,14:14,787.2
CE 10800,2018/08/23,14:20,786.0
CE 10800,2018/08/23,14:34,795.0
CE 10800,2018/08/23,14:37,795.0
CE 10800,2018/08/23,14:38,795.0
CE 10800,2018/08/23,14:39,795.0
CE 10800,2018/08/23,14:40,795.0
CE 10800,2018/08/23,14:54,796.65
CE 10800,2018/08/23,14:56,794.65
CE 10800,2018/08/23,14:58,792.4
CE 10800,2018/08/23,14:59,792.4
CE 10800,2018/08/23,15:00,790.0
CE 10800,2018/08/23,15:01,783.0
CE 10800,2018/08/23,15:03,783.9
CE 10800,2018/08/23,15:04,781.85
CE 10800,2018/08/23,15:05,782.0
CE 10800,2018/08/23,15:10,790.0
CE 10800,2018/08/23,15:11,789.85
CE 10800,2018/08/23,15:15,795.35
CE 10800,2018/08/23,15:19,797.2
CE 10800,2018/08/23,15:23,794.0
CE 10800,2018/08/23,15:25,789.85
CE 10800,2018/08/23,15:27,789.15
CE 10800,2018/08/23,15:30,789.15
CE 10800,2018/08/24,09:25,785.0
CE 10800,2018/08/24,09:27,788.0
CE 10800,2018/08/24,09:38,799.25
CE 10800,2018/08/24,09:41,796.0
CE 10800,2018/08/24,09:46,797.8
CE 10800,2018/08/24,10:15,788.0
CE 10800,2018/08/24,10:16,787.5
CE 10800,2018/08/24,10:18,784.6
CE 10800,2018/08/24,10:22,781.1
CE 10800,2018/08/24,10:23,782.0
CE 10800,2018/08/24,10:26,778.1
CE 10800,2018/08/24,10:31,781.5
CE 10800,2018/08/24,10:32,780.0
CE 10800,2018/08/24,10:33,777.0
CE 10800,2018/08/24,10:34,775.0
CE 10800,2018/08/24,10:35,767.4
CE 10800,2018/08/24,10:39,769.3
CE 10800,2018/08/24,10:50,775.5
CE 10800,2018/08/24,10:54,779.2
CE 10800,2018/08/24,11:16,771.1
CE 10800,2018/08/24,11:22,774.05
CE 10800,2018/08/24,11:27,776.1
CE 10800,2018/08/24,11:30,775.05
CE 10800,2018/08/24,11:36,770.8
CE 10800,2018/08/24,11:41,772.85
CE 10800,2018/08/24,11:42,772.85
CE 10800,2018/08/24,11:47,772.85
CE 10800,2018/08/24,12:02,773.0
CE 10800,2018/08/24,12:27,761.25
CE 10800,2018/08/24,12:30,758.6
CE 10800,2018/08/24,12:31,759.0
CE 10800,2018/08/24,12:37,759.5
CE 10800,2018/08/24,12:42,764.0
CE 10800,2018/08/24,12:46,753.3
CE 10800,2018/08/24,12:47,753.3
CE 10800,2018/08/24,12:51,751.0
CE 10800,2018/08/24,12:52,744.5
CE 10800,2018/08/24,12:53,744.0
CE 10800,2018/08/24,12:54,741.0
CE 10800,2018/08/24,12:55,741.9
CE 10800,2018/08/24,12:56,740.0
CE 10800,2018/08/24,12:57,740.0
CE 10800,2018/08/24,13:01,749.2
CE 10800,2018/08/24,13:04,745.2
CE 10800,2018/08/24,13:05,744.05
CE 10800,2018/08/24,13:07,746.0
CE 10800,2018/08/24,13:08,747.45
CE 10800,2018/08/24,13:18,759.5
CE 10800,2018/08/24,13:23,758.2
CE 10800,2018/08/24,13:25,758.0
CE 10800,2018/08/24,13:31,763.5
CE 10800,2018/08/24,13:32,765.9
CE 10800,2018/08/24,13:33,765.0
CE 10800,2018/08/24,13:37,758.4
CE 10800,2018/08/24,13:38,758.0
CE 10800,2018/08/24,13:41,762.0
CE 10800,2018/08/24,13:45,761.8
CE 10800,2018/08/24,13:49,762.45
CE 10800,2018/08/24,13:56,760.0
CE 10800,2018/08/24,14:01,758.55
CE 10800,2018/08/24,14:05,761.55
CE 10800,2018/08/24,14:06,762.05
CE 10800,2018/08/24,14:07,764.6
CE 10800,2018/08/24,14:10,764.0
CE 10800,2018/08/24,14:11,764.0
CE 10800,2018/08/24,14:16,766.0
CE 10800,2018/08/24,14:23,763.2
CE 10800,2018/08/24,14:26,762.9
CE 10800,2018/08/24,14:32,758.6
CE 10800,2018/08/24,14:33,756.1
CE 10800,2018/08/24,14:34,751.75
CE 10800,2018/08/24,14:35,753.55
CE 10800,2018/08/24,14:36,752.6
CE 10800,2018/08/24,14:41,753.0
CE 10800,2018/08/24,14:43,749.9
CE 10800,2018/08/24,14:45,759.75
CE 10800,2018/08/24,14:50,763.35
CE 10800,2018/08/24,14:52,763.9
CE 10800,2018/08/24,14:54,765.85
CE 10800,2018/08/24,15:08,760.05
CE 10800,2018/08/24,15:09,764.0
CE 10800,2018/08/24,15:17,766.6
CE 10800,2018/08/24,15:19,768.45
CE 10800,2018/08/24,15:20,770.0
CE 10800,2018/08/24,15:21,769.4
CE 10800,2018/08/24,15:27,765.0
CE 10800,2018/08/24,15:29,765.6
CE 10800,2018/08/24,15:30,765.6
CE 10800,2018/08/27,09:21,842.0
CE 10800,2018/08/27,09:31,848.5
CE 10800,2018/08/27,09:32,852.35
CE 10800,2018/08/27,09:33,852.0
CE 10800,2018/08/27,09:34,855.1
CE 10800,2018/08/27,09:35,855.65
CE 10800,2018/08/27,09:37,848.1
CE 10800,2018/08/27,09:43,854.0
CE 10800,2018/08/27,09:49,853.3
CE 10800,2018/08/27,09:50,853.55
CE 10800,2018/08/27,09:51,853.25
CE 10800,2018/08/27,09:52,853.7
CE 10800,2018/08/27,09:55,855.45
CE 10800,2018/08/27,09:57,853.9
CE 10800,2018/08/27,09:58,852.1
CE 10800,2018/08/27,10:05,856.6
CE 10800,2018/08/27,10:06,855.55
CE 10800,2018/08/27,10:07,852.1
CE 10800,2018/08/27,10:10,854.5
CE 10800,2018/08/27,10:13,854.75
CE 10800,2018/08/27,10:14,855.0
CE 10800,2018/08/27,10:16,856.7
CE 10800,2018/08/27,10:20,856.4
CE 10800,2018/08/27,10:23,854.6
CE 10800,2018/08/27,10:29,856.1
CE 10800,2018/08/27,10:32,858.0
CE 10800,2018/08/27,10:42,861.5
CE 10800,2018/08/27,10:43,861.1
CE 10800,2018/08/27,10:44,861.0
CE 10800,2018/08/27,10:47,861.0
CE 10800,2018/08/27,10:48,861.05
CE 10800,2018/08/27,10:51,861.0
CE 10800,2018/08/27,10:54,862.0
CE 10800,2018/08/27,11:06,864.0
CE 10800,2018/08/27,11:10,862.0
CE 10800,2018/08/27,11:12,862.15
CE 10800,2018/08/27,11:13,861.85
CE 10800,2018/08/27,11:18,863.0
CE 10800,2018/08/27,11:21,863.0
CE 10800,2018/08/27,11:22,865.0
CE 10800,2018/08/27,11:23,865.0
CE 10800,2018/08/27,11:24,865.55
CE 10800,2018/08/27,11:31,867.0
CE 10800,2018/08/27,11:40,867.1
CE 10800,2018/08/27,11:42,868.0
CE 10800,2018/08/27,11:44,865.0
CE 10800,2018/08/27,12:09,872.25
CE 10800,2018/08/27,12:13,873.0
CE 10800,2018/08/27,12:17,870.1
CE 10800,2018/08/27,12:20,871.85
CE 10800,2018/08/27,12:21,871.65
CE 10800,2018/08/27,12:24,872.85
CE 10800,2018/08/27,12:25,872.0
CE 10800,2018/08/27,12:26,870.1
CE 10800,2018/08/27,12:31,871.75
CE 10800,2018/08/27,12:32,872.45
CE 10800,2018/08/27,12:35,872.0
CE 10800,2018/08/27,12:37,876.5
CE 10800,2018/08/27,12:38,877.9
CE 10800,2018/08/27,12:39,875.75
CE 10800,2018/08/27,12:40,874.8
CE 10800,2018/08/27,12:43,879.0
CE 10800,2018/08/27,12:44,878.75
CE 10800,2018/08/27,12:45,879.3
CE 10800,2018/08/27,12:49,877.0
CE 10800,2018/08/27,12:50,878.9
CE 10800,2018/08/27,12:53,877.3
CE 10800,2018/08/27,12:54,879.05
CE 10800,2018/08/27,12:57,877.05
CE 10800,2018/08/27,12:58,877.05
CE 10800,2018/08/27,12:59,877.05
CE 10800,2018/08/27,13:00,876.7
CE 10800,2018/08/27,13:01,876.7
CE 10800,2018/08/27,13:02,876.0
CE 10800,2018/08/27,13:03,873.2
CE 10800,2018/08/27,13:04,873.6
CE 10800,2018/08/27,13:05,874.85
CE 10800,2018/08/27,13:07,874.8
CE 10800,2018/08/27,13:08,875.3
CE 10800,2018/08/27,13:12,876.0
CE 10800,2018/08/27,13:13,876.7
CE 10800,2018/08/27,13:14,876.7
CE 10800,2018/08/27,13:18,876.15
CE 10800,2018/08/27,13:22,879.3
CE 10800,2018/08/27,13:40,881.4
CE 10800,2018/08/27,13:42,884.45
CE 10800,2018/08/27,13:44,882.3
CE 10800,2018/08/27,13:48,883.5
CE 10800,2018/08/27,13:50,885.0
CE 10800,2018/08/27,13:51,884.0
CE 10800,2018/08/27,13:52,884.0
CE 10800,2018/08/27,13:53,884.0
CE 10800,2018/08/27,13:54,884.0
CE 10800,2018/08/27,13:57,885.0
CE 10800,2018/08/27,13:58,887.15
CE 10800,2018/08/27,13:59,884.0
CE 10800,2018/08/27,14:00,882.0
CE 10800,2018/08/27,14:01,881.0
CE 10800,2018/08/27,14:02,880.0
CE 10800,2018/08/27,14:03,879.0
CE 10800,2018/08/27,14:04,880.8
CE 10800,2018/08/27,14:05,881.95
CE 10800,2018/08/27,14:07,876.6
CE 10800,2018/08/27,14:08,880.0
CE 10800,2018/08/27,14:09,879.7
CE 10800,2018/08/27,14:10,880.0
CE 10800,2018/08/27,14:11,879.0
CE 10800,2018/08/27,14:13,881.6
CE 10800,2018/08/27,14:14,882.65
CE 10800,2018/08/27,14:15,885.35
CE 10800,2018/08/27,14:17,884.0
CE 10800,2018/08/27,14:19,884.0
CE 10800,2018/08/27,14:20,886.0
CE 10800,2018/08/27,14:23,890.1
CE 10800,2018/08/27,14:24,891.0
CE 10800,2018/08/27,14:25,891.4
CE 10800,2018/08/27,14:26,898.2
CE 10800,2018/08/27,14:27,894.0
CE 10800,2018/08/27,14:28,891.3
CE 10800,2018/08/27,14:29,892.0
CE 10800,2018/08/27,14:30,891.0
CE 10800,2018/08/27,14:31,891.0
CE 10800,2018/08/27,14:32,891.55
CE 10800,2018/08/27,14:33,891.0
CE 10800,2018/08/27,14:34,895.5
CE 10800,2018/08/27,14:35,892.85
CE 10800,2018/08/27,14:37,894.0
CE 10800,2018/08/27,14:38,894.0
CE 10800,2018/08/27,14:39,894.0
CE 10800,2018/08/27,14:40,894.0
CE 10800,2018/08/27,14:41,891.05
CE 10800,2018/08/27,14:43,893.0
CE 10800,2018/08/27,14:44,893.65
CE 10800,2018/08/27,14:49,891.3
CE 10800,2018/08/27,14:50,892.95
CE 10800,2018/08/27,14:51,892.5
CE 10800,2018/08/27,14:52,894.4
CE 10800,2018/08/27,14:55,896.45
CE 10800,2018/08/27,14:56,898.45
CE 10800,2018/08/27,14:57,895.9
CE 10800,2018/08/27,14:58,894.3
CE 10800,2018/08/27,14:59,893.85
CE 10800,2018/08/27,15:00,894.15
CE 10800,2018/08/27,15:01,893.1
CE 10800,2018/08/27,15:02,893.05
CE 10800,2018/08/27,15:03,894.5
CE 10800,2018/08/27,15:06,896.0
CE 10800,2018/08/27,15:07,894.75
CE 10800,2018/08/27,15:11,892.35
CE 10800,2018/08/27,15:12,892.8
CE 10800,2018/08/27,15:13,893.2
CE 10800,2018/08/27,15:14,893.3
CE 10800,2018/08/27,15:15,894.0
CE 10800,2018/08/27,15:16,896.0
CE 10800,2018/08/27,15:17,895.95
CE 10800,2018/08/27,15:18,900.5
CE 10800,2018/08/27,15:19,900.4
CE 10800,2018/08/27,15:20,903.35
CE 10800,2018/08/27,15:23,905.0
CE 10800,2018/08/27,15:24,907.95
CE 10800,2018/08/27,15:25,907.5
CE 10800,2018/08/27,15:26,904.4
CE 10800,2018/08/27,15:28,903.55
CE 10800,2018/08/27,15:29,903.55
CE 10800,2018/08/27,15:30,903.55
CE 10800,2018/08/28,09:15,950.05
CE 10800,2018/08/28,09:19,947.35
CE 10800,2018/08/28,09:21,958.35
CE 10800,2018/08/28,09:22,957.25
CE 10800,2018/08/28,09:23,956.2
CE 10800,2018/08/28,09:25,950.0
CE 10800,2018/08/28,09:26,945.0
CE 10800,2018/08/28,09:27,945.0
CE 10800,2018/08/28,09:28,940.0
CE 10800,2018/08/28,09:30,931.2
CE 10800,2018/08/28,09:31,925.45
CE 10800,2018/08/28,09:33,928.15
CE 10800,2018/08/28,09:34,929.7
CE 10800,2018/08/28,09:35,929.0
CE 10800,2018/08/28,09:39,915.45
CE 10800,2018/08/28,09:40,917.0
CE 10800,2018/08/28,09:41,922.25
CE 10800,2018/08/28,09:42,923.95
CE 10800,2018/08/28,09:44,923.8
CE 10800,2018/08/28,09:45,923.0
CE 10800,2018/08/28,09:47,917.6
CE 10800,2018/08/28,09:48,915.45
CE 10800,2018/08/28,09:53,917.45
CE 10800,2018/08/28,09:54,915.25
CE 10800,2018/08/28,09:55,916.05
CE 10800,2018/08/28,09:56,920.5
CE 10800,2018/08/28,09:58,921.3
CE 10800,2018/08/28,09:59,924.1
CE 10800,2018/08/28,10:00,920.9
CE 10800,2018/08/28,10:11,927.8
CE 10800,2018/08/28,10:18,935.4
CE 10800,2018/08/28,10:19,932.35
CE 10800,2018/08/28,10:21,930.15
CE 10800,2018/08/28,10:22,930.0
CE 10800,2018/08/28,10:33,925.8
CE 10800,2018/08/28,10:34,925.8
CE 10800,2018/08/28,10:35,924.85
CE 10800,2018/08/28,10:40,927.2
CE 10800,2018/08/28,10:43,930.2
CE 10800,2018/08/28,10:47,928.45
CE 10800,2018/08/28,11:04,933.45
CE 10800,2018/08/28,11:06,935.0
CE 10800,2018/08/28,11:08,935.5
CE 10800,2018/08/28,11:09,938.0
CE 10800,2018/08/28,11:10,938.0
CE 10800,2018/08/28,11:11,939.0
CE 10800,2018/08/28,11:12,937.5
CE 10800,2018/08/28,11:13,936.0
CE 10800,2018/08/28,11:14,936.5
CE 10800,2018/08/28,11:15,936.55
CE 10800,2018/08/28,11:16,940.0
CE 10800,2018/08/28,11:18,937.5
CE 10800,2018/08/28,11:19,937.75
CE 10800,2018/08/28,11:20,936.5
CE 10800,2018/08/28,11:22,937.5
CE 10800,2018/08/28,11:23,938.5
CE 10800,2018/08/28,11:24,938.0
CE 10800,2018/08/28,11:25,935.05
CE 10800,2018/08/28,11:29,934.0
CE 10800,2018/08/28,11:30,934.5
CE 10800,2018/08/28,11:31,935.0
CE 10800,2018/08/28,11:34,931.5
CE 10800,2018/08/28,11:35,930.0
CE 10800,2018/08/28,11:38,930.1
CE 10800,2018/08/28,11:44,929.45
CE 10800,2018/08/28,11:46,928.4
CE 10800,2018/08/28,11:47,926.0
CE 10800,2018/08/28,11:53,926.8
CE 10800,2018/08/28,12:02,930.0
CE 10800,2018/08/28,12:04,926.0
CE 10800,2018/08/28,12:18,935.0
CE 10800,2018/08/28,12:21,934.8
CE 10800,2018/08/28,12:24,935.0
CE 10800,2018/08/28,12:25,935.0
CE 10800,2018/08/28,12:28,934.25
CE 10800,2018/08/28,12:31,936.1
CE 10800,2018/08/28,12:35,936.15
CE 10800,2018/08/28,12:36,936.0
CE 10800,2018/08/28,12:41,935.9
CE 10800,2018/08/28,12:44,940.2
CE 10800,2018/08/28,12:54,942.0
CE 10800,2018/08/28,12:56,939.45
CE 10800,2018/08/28,12:57,939.0
CE 10800,2018/08/28,12:58,939.6
CE 10800,2018/08/28,13:01,936.25
CE 10800,2018/08/28,13:26,936.5
CE 10800,2018/08/28,13:27,936.0
CE 10800,2018/08/28,13:41,933.95
CE 10800,2018/08/28,13:49,940.95
CE 10800,2018/08/28,14:02,934.0
CE 10800,2018/08/28,14:03,931.75
CE 10800,2018/08/28,14:04,935.8
CE 10800,2018/08/28,14:07,933.7
CE 10800,2018/08/28,14:14,937.75
CE 10800,2018/08/28,14:16,934.0
CE 10800,2018/08/28,14:19,930.0
CE 10800,2018/08/28,14:40,929.0
CE 10800,2018/08/28,14:52,931.2
CE 10800,2018/08/28,14:55,934.65
CE 10800,2018/08/28,14:57,934.65
CE 10800,2018/08/28,14:58,936.75
CE 10800,2018/08/28,14:59,933.25
CE 10800,2018/08/28,15:10,943.0
CE 10800,2018/08/28,15:14,945.0
CE 10800,2018/08/28,15:15,945.3
CE 10800,2018/08/28,15:17,947.0
CE 10800,2018/08/28,15:19,949.0
CE 10800,2018/08/28,15:21,953.0
CE 10800,2018/08/28,15:23,948.35
CE 10800,2018/08/28,15:26,948.0
CE 10800,2018/08/28,15:28,948.0
CE 10800,2018/08/28,15:30,948.0
CE 10800,2018/08/29,09:15,945.0
CE 10800,2018/08/29,09:16,935.0
CE 10800,2018/08/29,09:19,940.85
CE 10800,2018/08/29,09:22,956.2
CE 10800,2018/08/29,09:23,952.6
CE 10800,2018/08/29,09:24,950.3
CE 10800,2018/08/29,09:28,948.0
CE 10800,2018/08/29,09:32,946.0
CE 10800,2018/08/29,09:34,937.0
CE 10800,2018/08/29,09:38,937.0
CE 10800,2018/08/29,09:53,936.75
CE 10800,2018/08/29,10:04,942.0
CE 10800,2018/08/29,10:08,941.5
CE 10800,2018/08/29,10:10,940.0
CE 10800,2018/08/29,10:11,940.0
CE 10800,2018/08/29,10:15,938.5
CE 10800,2018/08/29,10:20,938.5
CE 10800,2018/08/29,10:24,936.35
CE 10800,2018/08/29,10:29,939.7
CE 10800,2018/08/29,10:40,941.75
CE 10800,2018/08/29,10:41,940.0
CE 10800,2018/08/29,10:44,939.65
CE 10800,2018/08/29,10:46,942.0
CE 10800,2018/08/29,10:47,942.0
CE 10800,2018/08/29,10:49,941.5
CE 10800,2018/08/29,10:56,941.0
CE 10800,2018/08/29,11:02,941.0
CE 10800,2018/08/29,11:03,941.0
CE 10800,2018/08/29,11:04,939.0
CE 10800,2018/08/29,11:10,942.0
CE 10800,2018/08/29,11:16,940.0
CE 10800,2018/08/29,11:17,943.75
CE 10800,2018/08/29,11:18,940.0
CE 10800,2018/08/29,11:24,942.75
CE 10800,2018/08/29,11:26,940.0
CE 10800,2018/08/29,11:27,936.85
CE 10800,2018/08/29,11:28,939.0
CE 10800,2018/08/29,11:29,939.0
CE 10800,2018/08/29,11:33,940.7
CE 10800,2018/08/29,11:40,937.45
CE 10800,2018/08/29,11:41,937.0
CE 10800,2018/08/29,11:42,936.3
CE 10800,2018/08/29,11:44,936.95
CE 10800,2018/08/29,11:47,935.55
CE 10800,2018/08/29,11:48,934.5
CE 10800,2018/08/29,12:01,933.0
CE 10800,2018/08/29,12:02,931.0
CE 10800,2018/08/29,12:03,929.95
CE 10800,2018/08/29,12:08,927.05
CE 10800,2018/08/29,12:09,927.5
CE 10800,2018/08/29,12:10,925.0
CE 10800,2018/08/29,12:11,924.55
CE 10800,2018/08/29,12:12,926.0
CE 10800,2018/08/29,12:13,926.65
CE 10800,2018/08/29,12:14,930.0
CE 10800,2018/08/29,12:19,930.0
CE 10800,2018/08/29,12:22,935.0
CE 10800,2018/08/29,12:23,936.05
CE 10800,2018/08/29,12:24,934.0
CE 10800,2018/08/29,12:28,934.0
CE 10800,2018/08/29,12:32,937.0
CE 10800,2018/08/29,12:38,937.0
CE 10800,2018/08/29,12:44,931.0
CE 10800,2018/08/29,12:46,926.0
CE 10800,2018/08/29,12:47,926.0
CE 10800,2018/08/29,12:48,923.0
CE 10800,2018/08/29,12:49,921.5
CE 10800,2018/08/29,12:50,920.0
CE 10800,2018/08/29,12:51,920.0
CE 10800,2018/08/29,12:53,928.05
CE 10800,2018/08/29,12:56,928.65
CE 10800,2018/08/29,12:57,926.0
CE 10800,2018/08/29,13:01,928.3
CE 10800,2018/08/29,13:14,930.0
CE 10800,2018/08/29,13:15,926.0
CE 10800,2018/08/29,13:16,925.0
CE 10800,2018/08/29,13:17,925.0
CE 10800,2018/08/29,13:19,920.0
CE 10800,2018/08/29,13:20,915.95
CE 10800,2018/08/29,13:21,915.0
CE 10800,2018/08/29,13:22,915.05
CE 10800,2018/08/29,13:24,916.3
CE 10800,2018/08/29,13:26,915.0
CE 10800,2018/08/29,13:28,920.0
CE 10800,2018/08/29,13:29,918.0
CE 10800,2018/08/29,13:30,917.5
CE 10800,2018/08/29,13:31,914.6
CE 10800,2018/08/29,13:32,914.75
CE 10800,2018/08/29,13:35,913.05
CE 10800,2018/08/29,13:36,917.1
CE 10800,2018/08/29,13:38,916.35
CE 10800,2018/08/29,13:40,922.0
CE 10800,2018/08/29,13:43,920.0
CE 10800,2018/08/29,13:47,929.35
CE 10800,2018/08/29,13:48,929.95
CE 10800,2018/08/29,13:52,930.0
CE 10800,2018/08/29,13:58,923.15
CE 10800,2018/08/29,13:59,925.0
CE 10800,2018/08/29,14:00,925.0
CE 10800,2018/08/29,14:01,925.5
CE 10800,2018/08/29,14:02,927.0
CE 10800,2018/08/29,14:03,927.0
CE 10800,2018/08/29,14:04,927.0
CE 10800,2018/08/29,14:07,930.0
CE 10800,2018/08/29,14:09,931.05
CE 10800,2018/08/29,14:12,928.0
CE 10800,2018/08/29,14:13,927.5
CE 10800,2018/08/29,14:15,928.0
CE 10800,2018/08/29,14:16,925.5
CE 10800,2018/08/29,14:17,925.5
CE 10800,2018/08/29,14:21,924.0
CE 10800,2018/08/29,14:27,926.0
CE 10800,2018/08/29,14:29,926.0
CE 10800,2018/08/29,14:30,925.0
CE 10800,2018/08/29,14:31,920.35
CE 10800,2018/08/29,14:32,924.45
CE 10800,2018/08/29,14:34,922.0
CE 10800,2018/08/29,14:37,924.0
CE 10800,2018/08/29,14:38,925.75
CE 10800,2018/08/29,14:39,923.55
CE 10800,2018/08/29,14:40,922.1
CE 10800,2018/08/29,14:41,921.5
CE 10800,2018/08/29,14:46,923.7
CE 10800,2018/08/29,14:47,926.25
CE 10800,2018/08/29,14:48,933.95
CE 10800,2018/08/29,14:49,933.15
CE 10800,2018/08/29,14:50,937.45
CE 10800,2018/08/29,14:51,936.5
CE 10800,2018/08/29,14:52,937.6
CE 10800,2018/08/29,14:53,934.25
CE 10800,2018/08/29,14:54,936.2
CE 10800,2018/08/29,14:55,934.25
CE 10800,2018/08/29,14:56,933.15
CE 10800,2018/08/29,14:57,936.3
CE 10800,2018/08/29,14:58,936.25
CE 10800,2018/08/29,14:59,933.0
CE 10800,2018/08/29,15:00,932.65
CE 10800,2018/08/29,15:01,929.75
CE 10800,2018/08/29,15:02,924.5
CE 10800,2018/08/29,15:03,922.0
CE 10800,2018/08/29,15:04,918.05
CE 10800,2018/08/29,15:05,917.0
CE 10800,2018/08/29,15:06,911.05
CE 10800,2018/08/29,15:07,904.4
CE 10800,2018/08/29,15:08,899.45
CE 10800,2018/08/29,15:09,895.0
CE 10800,2018/08/29,15:10,901.0
CE 10800,2018/08/29,15:11,897.8
CE 10800,2018/08/29,15:12,902.0
CE 10800,2018/08/29,15:13,896.3
CE 10800,2018/08/29,15:14,898.2
CE 10800,2018/08/29,15:15,895.55
CE 10800,2018/08/29,15:16,894.05
CE 10800,2018/08/29,15:17,890.4
CE 10800,2018/08/29,15:18,892.15
CE 10800,2018/08/29,15:20,899.4
CE 10800,2018/08/29,15:21,898.35
CE 10800,2018/08/29,15:22,897.55
CE 10800,2018/08/29,15:23,896.6
CE 10800,2018/08/29,15:24,894.65
CE 10800,2018/08/29,15:25,896.55
CE 10800,2018/08/29,15:26,899.45
CE 10800,2018/08/29,15:27,899.1
CE 10800,2018/08/29,15:29,898.6
CE 10800,2018/08/29,15:30,898.6
CE 10800,2018/08/30,09:19,884.75
CE 10800,2018/08/30,09:20,880.5
CE 10800,2018/08/30,09:21,880.0
CE 10800,2018/08/30,09:22,879.15
CE 10800,2018/08/30,09:23,876.0
CE 10800,2018/08/30,09:25,873.95
CE 10800,2018/08/30,09:26,870.0
CE 10800,2018/08/30,09:27,877.45
CE 10800,2018/08/30,09:28,872.0
CE 10800,2018/08/30,09:29,878.1
CE 10800,2018/08/30,09:30,870.0
CE 10800,2018/08/30,09:31,870.0
CE 10800,2018/08/30,09:34,872.25
CE 10800,2018/08/30,09:39,872.0
CE 10800,2018/08/30,09:41,873.0
CE 10800,2018/08/30,09:42,875.0
CE 10800,2018/08/30,09:43,874.25
CE 10800,2018/08/30,09:44,870.0
CE 10800,2018/08/30,09:45,869.55
CE 10800,2018/08/30,09:47,874.0
CE 10800,2018/08/30,09:49,869.0
CE 10800,2018/08/30,09:50,867.2
CE 10800,2018/08/30,09:51,873.0
CE 10800,2018/08/30,09:52,872.5
CE 10800,2018/08/30,09:55,871.0
CE 10800,2018/08/30,09:56,869.0
CE 10800,2018/08/30,09:57,867.1
CE 10800,2018/08/30,09:58,862.0
CE 10800,2018/08/30,10:00,862.1
CE 10800,2018/08/30,10:01,860.0
CE 10800,2018/08/30,10:02,857.0
CE 10800,2018/08/30,10:03,857.0
CE 10800,2018/08/30,10:05,858.0
CE 10800,2018/08/30,10:07,864.25
CE 10800,2018/08/30,10:10,859.0
CE 10800,2018/08/30,10:11,859.0
CE 10800,2018/08/30,10:16,868.8
CE 10800,2018/08/30,10:18,864.0
CE 10800,2018/08/30,10:19,872.2
CE 10800,2018/08/30,10:20,865.05
CE 10800,2018/08/30,10:21,865.3
CE 10800,2018/08/30,10:23,865.85
CE 10800,2018/08/30,10:27,872.8
CE 10800,2018/08/30,10:28,867.35
CE 10800,2018/08/30,10:30,870.2
CE 10800,2018/08/30,10:32,870.0
CE 10800,2018/08/30,10:33,869.45
CE 10800,2018/08/30,10:35,868.6
CE 10800,2018/08/30,10:36,868.45
CE 10800,2018/08/30,10:37,867.0
CE 10800,2018/08/30,10:40,867.0
CE 10800,2018/08/30,10:41,868.0
CE 10800,2018/08/30,10:42,866.15
CE 10800,2018/08/30,10:43,864.5
CE 10800,2018/08/30,10:44,864.2
CE 10800,2018/08/30,10:45,863.65
CE 10800,2018/08/30,10:46,863.35
CE 10800,2018/08/30,10:47,864.2
CE 10800,2018/08/30,10:48,864.95
CE 10800,2018/08/30,10:49,867.0
CE 10800,2018/08/30,10:50,867.4
CE 10800,2018/08/30,10:53,867.05
CE 10800,2018/08/30,10:54,866.0
CE 10800,2018/08/30,10:59,865.8
CE 10800,2018/08/30,11:01,872.0
CE 10800,2018/08/30,11:02,874.0
CE 10800,2018/08/30,11:03,870.0
CE 10800,2018/08/30,11:05,868.6
CE 10800,2018/08/30,11:06,869.55
CE 10800,2018/08/30,11:08,867.0
CE 10800,2018/08/30,11:09,867.0
CE 10800,2018/08/30,11:11,870.35
CE 10800,2018/08/30,11:15,867.0
CE 10800,2018/08/30,11:17,867.0
CE 10800,2018/08/30,11:18,869.4
CE 10800,2018/08/30,11:20,870.85
CE 10800,2018/08/30,11:21,869.0
CE 10800,2018/08/30,11:22,866.0
CE 10800,2018/08/30,11:26,872.0
CE 10800,2018/08/30,11:27,871.5
CE 10800,2018/08/30,11:28,872.0
CE 10800,2018/08/30,11:30,870.0
CE 10800,2018/08/30,11:32,868.0
CE 10800,2018/08/30,11:33,870.0
CE 10800,2018/08/30,11:34,867.1
CE 10800,2018/08/30,11:35,866.0
CE 10800,2018/08/30,11:37,869.4
CE 10800,2018/08/30,11:40,869.0
CE 10800,2018/08/30,11:42,870.0
CE 10800,2018/08/30,11:44,870.0
CE 10800,2018/08/30,11:47,873.0
CE 10800,2018/08/30,11:50,873.0
CE 10800,2018/08/30,11:51,867.5
CE 10800,2018/08/30,11:52,867.1
CE 10800,2018/08/30,11:54,868.9
CE 10800,2018/08/30,11:56,870.55
CE 10800,2018/08/30,11:57,870.0
CE 10800,2018/08/30,11:58,869.25
CE 10800,2018/08/30,11:59,868.4
CE 10800,2018/08/30,12:00,867.6
CE 10800,2018/08/30,12:03,865.0
CE 10800,2018/08/30,12:06,865.0
CE 10800,2018/08/30,12:07,867.5
CE 10800,2018/08/30,12:08,866.15
CE 10800,2018/08/30,12:09,865.05
CE 10800,2018/08/30,12:12,868.0
CE 10800,2018/08/30,12:13,870.0
CE 10800,2018/08/30,12:15,869.55
CE 10800,2018/08/30,12:17,870.15
CE 10800,2018/08/30,12:18,874.15
CE 10800,2018/08/30,12:19,877.1
CE 10800,2018/08/30,12:20,876.0
CE 10800,2018/08/30,12:21,874.4
CE 10800,2018/08/30,12:24,877.0
CE 10800,2018/08/30,12:26,875.45
CE 10800,2018/08/30,12:27,881.5
CE 10800,2018/08/30,12:28,880.05
CE 10800,2018/08/30,12:29,878.35
CE 10800,2018/08/30,12:34,875.65
CE 10800,2018/08/30,12:35,875.7
CE 10800,2018/08/30,12:36,875.0
CE 10800,2018/08/30,12:37,875.95
CE 10800,2018/08/30,12:39,874.4
CE 10800,2018/08/30,12:40,874.4
CE 10800,2018/08/30,12:41,875.1
CE 10800,2018/08/30,12:42,873.5
CE 10800,2018/08/30,12:43,875.0
CE 10800,2018/08/30,12:44,869.65
CE 10800,2018/08/30,12:45,871.95
CE 10800,2018/08/30,12:46,872.45
CE 10800,2018/08/30,12:47,874.0
CE 10800,2018/08/30,12:48,874.25
CE 10800,2018/08/30,12:49,873.25
CE 10800,2018/08/30,12:50,873.2
CE 10800,2018/08/30,12:51,872.45
CE 10800,2018/08/30,12:52,873.0
CE 10800,2018/08/30,12:53,868.95
CE 10800,2018/08/30,12:54,867.0
CE 10800,2018/08/30,12:55,865.1
CE 10800,2018/08/30,12:56,865.0
CE 10800,2018/08/30,12:57,866.0
CE 10800,2018/08/30,12:58,867.0
CE 10800,2018/08/30,12:59,865.0
CE 10800,2018/08/30,13:01,864.0
CE 10800,2018/08/30,13:02,863.25
CE 10800,2018/08/30,13:03,863.0
CE 10800,2018/08/30,13:04,863.5
CE 10800,2018/08/30,13:05,863.35
CE 10800,2018/08/30,13:07,860.55
CE 10800,2018/08/30,13:08,858.6
CE 10800,2018/08/30,13:10,857.0
CE 10800,2018/08/30,13:11,857.0
CE 10800,2018/08/30,13:12,856.0
CE 10800,2018/08/30,13:13,850.05
CE 10800,2018/08/30,13:14,849.0
CE 10800,2018/08/30,13:15,846.0
CE 10800,2018/08/30,13:16,848.65
CE 10800,2018/08/30,13:20,851.0
CE 10800,2018/08/30,13:22,851.45
CE 10800,2018/08/30,13:23,855.0
CE 10800,2018/08/30,13:25,858.0
CE 10800,2018/08/30,13:26,856.55
CE 10800,2018/08/30,13:27,858.0
CE 10800,2018/08/30,13:29,856.7
CE 10800,2018/08/30,13:30,856.0
CE 10800,2018/08/30,13:32,855.3
CE 10800,2018/08/30,13:33,855.0
CE 10800,2018/08/30,13:35,855.0
CE 10800,2018/08/30,13:37,860.0
CE 10800,2018/08/30,13:38,860.0
CE 10800,2018/08/30,13:39,863.15
CE 10800,2018/08/30,13:40,863.15
CE 10800,2018/08/30,13:41,862.65
CE 10800,2018/08/30,13:42,862.1
CE 10800,2018/08/30,13:43,862.15
CE 10800,2018/08/30,13:44,862.15
CE 10800,2018/08/30,13:45,861.55
CE 10800,2018/08/30,13:46,860.0
CE 10800,2018/08/30,13:47,860.0
CE 10800,2018/08/30,13:50,862.05
CE 10800,2018/08/30,13:51,858.0
CE 10800,2018/08/30,13:55,855.0
CE 10800,2018/08/30,13:57,854.5
CE 10800,2018/08/30,13:59,860.0
CE 10800,2018/08/30,14:02,860.0
CE 10800,2018/08/30,14:03,863.5
CE 10800,2018/08/30,14:05,860.0
CE 10800,2018/08/30,14:06,857.05
CE 10800,2018/08/30,14:07,856.5
CE 10800,2018/08/30,14:10,854.05
CE 10800,2018/08/30,14:11,852.0
CE 10800,2018/08/30,14:12,850.75
CE 10800,2018/08/30,14:13,848.7
CE 10800,2018/08/30,14:14,848.2
CE 10800,2018/08/30,14:16,845.5
CE 10800,2018/08/30,14:17,842.05
CE 10800,2018/08/30,14:22,848.0
CE 10800,2018/08/30,14:23,848.0
CE 10800,2018/08/30,14:24,856.5
CE 10800,2018/08/30,14:26,860.0
CE 10800,2018/08/30,14:27,859.7
CE 10800,2018/08/30,14:28,855.55
CE 10800,2018/08/30,14:29,864.05
CE 10800,2018/08/30,14:31,862.0
CE 10800,2018/08/30,14:32,858.0
CE 10800,2018/08/30,14:33,856.95
CE 10800,2018/08/30,14:35,856.0
CE 10800,2018/08/30,14:40,853.1
CE 10800,2018/08/30,14:41,852.05
CE 10800,2018/08/30,14:42,851.0
CE 10800,2018/08/30,14:43,852.5
CE 10800,2018/08/30,14:44,851.0
CE 10800,2018/08/30,14:46,845.0
CE 10800,2018/08/30,14:48,840.0
CE 10800,2018/08/30,14:49,851.85
CE 10800,2018/08/30,14:50,861.85
CE 10800,2018/08/30,14:51,865.2
CE 10800,2018/08/30,14:56,863.85
CE 10800,2018/08/30,14:57,861.1
CE 10800,2018/08/30,14:58,864.9
CE 10800,2018/08/30,14:59,861.1
CE 10800,2018/08/30,15:00,865.75
CE 10800,2018/08/30,15:02,868.35
CE 10800,2018/08/30,15:03,864.8
CE 10800,2018/08/30,15:06,866.65
CE 10800,2018/08/30,15:07,870.0
CE 10800,2018/08/30,15:09,875.4
CE 10800,2018/08/30,15:10,875.0
CE 10800,2018/08/30,15:11,873.0
CE 10800,2018/08/30,15:12,872.65
CE 10800,2018/08/30,15:13,875.5
CE 10800,2018/08/30,15:14,872.6
CE 10800,2018/08/30,15:15,871.45
CE 10800,2018/08/30,15:16,869.0
CE 10800,2018/08/30,15:17,870.0
CE 10800,2018/08/30,15:18,871.25
CE 10800,2018/08/30,15:19,871.35
CE 10800,2018/08/30,15:20,871.95
CE 10800,2018/08/30,15:21,874.0
CE 10800,2018/08/30,15:22,872.75
CE 10800,2018/08/30,15:23,873.0
CE 10800,2018/08/30,15:24,872.95
CE 10800,2018/08/30,15:26,873.0
CE 10800,2018/08/30,15:27,873.0
CE 10800,2018/08/30,15:28,871.05
CE 10800,2018/08/30,15:29,871.3
